Alarm_Start,Alarm_End,Duration_Minutes
2022-01-23 04:45:00,2022-01-23 04:49:00,4.0
2022-01-31 11:40:00,2022-01-31 11:43:00,3.0
2022-01-31 13:47:00,2022-01-31 13:48:00,1.0
2022-02-02 12:52:00,2022-02-02 12:55:00,3.0
2022-02-11 19:00:00,2022-02-11 19:14:00,14.0
2022-02-17 09:30:00,2022-02-17 09:33:00,3.0
2022-02-19 16:18:00,2022-02-19 16:49:00,31.0
2022-02-23 11:09:00,2022-02-23 11:11:00,2.0
2022-03-06 11:50:00,2022-03-06 11:53:00,3.0
2022-03-15 10:04:00,2022-03-15 10:11:00,7.0
2022-03-15 13:03:00,2022-03-15 13:04:00,1.0
2022-03-16 09:26:00,2022-03-16 09:28:00,2.0
2022-03-16 11:23:00,2022-03-16 11:23:00,0.0
2022-03-16 14:02:00,2022-03-16 14:04:00,2.0
2022-04-13 09:51:00,2022-04-13 09:52:00,1.0
2022-04-14 13:10:00,2022-04-14 16:12:00,182.0
2022-04-14 16:14:00,2022-04-14 16:14:00,0.0
2022-05-02 10:01:00,2022-05-02 10:03:00,2.0
2022-05-19 10:23:00,2022-05-19 10:24:00,1.0
2022-05-23 12:59:00,2022-05-23 13:00:00,1.0
2022-05-23 13:31:00,2022-05-23 13:32:00,1.0
2022-05-23 13:35:00,2022-05-23 13:36:00,1.0
2022-05-23 13:49:00,2022-05-23 13:49:00,0.0
2022-05-23 13:53:00,2022-05-23 13:53:00,0.0
2022-05-23 13:56:00,2022-05-23 14:01:00,5.0
2022-05-23 14:12:00,2022-05-23 18:16:00,244.0
2022-05-28 13:06:00,2022-05-28 13:07:00,1.0
2022-05-28 13:55:00,2022-05-28 14:03:00,8.0
2022-05-30 13:13:00,2022-05-30 13:14:00,1.0
2022-05-30 13:27:00,2022-05-30 13:28:00,1.0
2022-05-30 13:30:00,2022-05-30 13:30:00,0.0
2022-05-30 13:33:00,2022-05-30 13:34:00,1.0
2022-05-30 13:37:00,2022-05-30 13:37:00,0.0
2022-05-30 13:39:00,2022-05-30 16:29:00,170.0
2022-05-30 16:32:00,2022-05-30 16:33:00,1.0
2022-05-30 16:36:00,2022-05-30 16:36:00,0.0
2022-05-30 16:39:00,2022-05-30 16:43:00,4.0
2022-05-30 16:45:00,2022-05-30 17:04:00,19.0
2022-05-30 17:06:00,2022-05-30 17:07:00,1.0
2022-05-30 17:09:00,2022-05-30 17:11:00,2.0
2022-05-31 12:52:00,2022-05-31 15:18:00,146.0
2022-05-31 15:21:00,2022-05-31 15:21:00,0.0
2022-05-31 15:24:00,2022-05-31 15:28:00,4.0
2022-05-31 15:30:00,2022-05-31 15:31:00,1.0
2022-05-31 15:33:00,2022-05-31 15:34:00,1.0
2022-05-31 15:37:00,2022-05-31 15:38:00,1.0
2022-05-31 15:40:00,2022-05-31 15:40:00,0.0
2022-05-31 15:43:00,2022-05-31 16:03:00,20.0
2022-06-01 13:58:00,2022-06-01 13:58:00,0.0
2022-06-01 14:01:00,2022-06-01 14:24:00,23.0
2022-06-01 14:26:00,2022-06-01 16:58:00,152.0
2022-06-02 13:49:00,2022-06-02 17:04:00,195.0
2022-06-02 17:07:00,2022-06-02 17:07:00,0.0
2022-06-02 17:27:00,2022-06-02 17:27:00,0.0
2022-06-02 17:30:00,2022-06-02 17:31:00,1.0
2022-06-02 17:33:00,2022-06-02 17:34:00,1.0
2022-06-02 17:37:00,2022-06-02 17:37:00,0.0
2022-06-02 19:59:00,2022-06-02 19:59:00,0.0
2022-06-03 11:41:00,2022-06-03 11:42:00,1.0
2022-06-03 11:44:00,2022-06-03 17:14:00,330.0
2022-06-04 11:33:00,2022-06-04 11:43:00,10.0
2022-06-04 11:47:00,2022-06-04 11:47:00,0.0
2022-06-04 11:49:00,2022-06-04 17:21:00,332.0
2022-06-05 11:26:00,2022-06-05 11:31:00,5.0
2022-06-05 11:44:00,2022-06-05 18:03:00,379.0
2022-06-06 10:13:00,2022-06-06 18:41:00,508.0
2022-06-07 11:38:00,2022-06-07 18:47:00,429.0
2022-06-08 10:00:00,2022-06-08 10:04:00,4.0
2022-06-08 10:07:00,2022-06-08 10:08:00,1.0
2022-06-08 10:10:00,2022-06-08 17:48:00,458.0
2022-06-08 17:50:00,2022-06-08 17:50:00,0.0
2022-06-09 09:26:00,2022-06-09 09:30:00,4.0
2022-06-09 10:16:00,2022-06-09 10:16:00,0.0
2022-06-09 10:18:00,2022-06-09 18:20:00,482.0
2022-06-10 09:28:00,2022-06-10 09:33:00,5.0
2022-06-10 09:35:00,2022-06-10 17:18:00,463.0
2022-06-10 17:21:00,2022-06-10 17:21:00,0.0
2022-06-11 14:38:00,2022-06-11 14:38:00,0.0
2022-06-11 14:41:00,2022-06-11 14:41:00,0.0
2022-06-16 13:27:00,2022-06-16 13:30:00,3.0
2022-06-16 13:34:00,2022-06-16 13:46:00,12.0
2022-06-16 13:51:00,2022-06-16 13:51:00,0.0
2022-06-16 13:53:00,2022-06-16 13:54:00,1.0
2022-06-16 15:06:00,2022-06-16 15:09:00,3.0
2022-06-16 15:12:00,2022-06-16 15:12:00,0.0
2022-06-16 15:16:00,2022-06-16 15:32:00,16.0
2022-06-16 15:55:00,2022-06-16 16:04:00,9.0
2022-06-19 11:14:00,2022-06-19 11:14:00,0.0
2022-06-19 11:17:00,2022-06-19 18:39:00,442.0
2022-06-20 12:06:00,2022-06-20 17:47:00,341.0
2022-06-20 17:49:00,2022-06-20 17:49:00,0.0
2022-06-20 18:27:00,2022-06-20 18:54:00,27.0
2022-06-21 08:45:00,2022-06-21 14:39:00,354.0
2022-06-21 14:42:00,2022-06-21 14:42:00,0.0
2022-06-21 15:40:00,2022-06-21 17:05:00,85.0
2022-06-22 11:19:00,2022-06-22 11:26:00,7.0
2022-06-22 11:48:00,2022-06-22 17:53:00,365.0
2022-06-22 18:32:00,2022-06-22 18:39:00,7.0
2022-06-23 10:01:00,2022-06-23 17:00:00,419.0
2022-06-24 10:36:00,2022-06-24 18:21:00,465.0
2022-06-25 11:40:00,2022-06-25 11:53:00,13.0
2022-06-25 12:00:00,2022-06-25 17:49:00,349.0
2022-06-25 18:03:00,2022-06-25 18:03:00,0.0
2022-06-26 10:43:00,2022-06-26 17:15:00,392.0
2022-06-26 17:17:00,2022-06-26 17:18:00,1.0
2022-06-26 17:21:00,2022-06-26 17:55:00,34.0
2022-06-26 17:57:00,2022-06-26 17:58:00,1.0
2022-06-26 18:00:00,2022-06-26 18:01:00,1.0
2022-06-30 13:19:00,2022-06-30 13:20:00,1.0
2022-06-30 13:22:00,2022-06-30 15:38:00,136.0
2022-07-01 12:52:00,2022-07-01 12:56:00,4.0
2022-07-01 12:58:00,2022-07-01 12:58:00,0.0
2022-07-01 13:04:00,2022-07-01 18:14:00,310.0
2022-07-02 13:46:00,2022-07-02 16:15:00,149.0
2022-07-03 11:54:00,2022-07-03 15:33:00,219.0
2022-07-04 10:43:00,2022-07-04 10:46:00,3.0
2022-07-04 10:49:00,2022-07-04 11:03:00,14.0
2022-07-04 11:05:00,2022-07-04 11:24:00,19.0
2022-07-04 11:26:00,2022-07-04 15:47:00,261.0
2022-07-04 15:53:00,2022-07-04 15:53:00,0.0
2022-07-04 16:00:00,2022-07-04 16:00:00,0.0
2022-07-04 16:03:00,2022-07-04 16:08:00,5.0
2022-07-04 16:10:00,2022-07-04 16:12:00,2.0
2022-07-05 13:26:00,2022-07-05 13:26:00,0.0
2022-07-05 13:29:00,2022-07-05 13:29:00,0.0
2022-07-05 13:36:00,2022-07-05 13:42:00,6.0
2022-07-05 13:44:00,2022-07-05 13:59:00,15.0
2022-07-05 14:02:00,2022-07-05 14:02:00,0.0
2022-07-13 15:30:00,2022-07-13 15:37:00,7.0
2022-07-13 15:43:00,2022-07-13 15:49:00,6.0
2022-07-13 16:16:00,2022-07-13 16:18:00,2.0
2022-07-13 16:20:00,2022-07-13 16:21:00,1.0
2022-07-13 16:45:00,2022-07-13 16:45:00,0.0
2022-07-13 16:49:00,2022-07-13 16:56:00,7.0
2022-07-13 17:05:00,2022-07-13 17:11:00,6.0
2022-07-13 17:17:00,2022-07-13 17:25:00,8.0
2022-07-13 17:33:00,2022-07-13 18:01:00,28.0
2022-07-14 11:41:00,2022-07-14 17:00:00,319.0
2022-07-15 10:24:00,2022-07-15 10:27:00,3.0
2022-07-15 10:31:00,2022-07-15 10:36:00,5.0
2022-07-15 10:38:00,2022-07-15 10:43:00,5.0
2022-07-15 10:48:00,2022-07-15 17:18:00,390.0
2022-07-15 17:21:00,2022-07-15 17:21:00,0.0
2022-07-17 13:05:00,2022-07-17 13:13:00,8.0
2022-07-17 13:23:00,2022-07-17 18:12:00,289.0
2022-07-18 12:18:00,2022-07-18 18:22:00,364.0
2022-07-19 14:21:00,2022-07-19 16:54:00,153.0
2022-07-19 16:56:00,2022-07-19 16:57:00,1.0
2022-07-19 16:59:00,2022-07-19 17:00:00,1.0
2022-07-20 16:18:00,2022-07-20 16:19:00,1.0
2022-07-20 16:21:00,2022-07-20 16:22:00,1.0
2022-07-20 16:27:00,2022-07-20 16:36:00,9.0
2022-07-20 16:51:00,2022-07-20 16:52:00,1.0
2022-07-20 16:55:00,2022-07-20 17:09:00,14.0
2022-07-20 17:11:00,2022-07-20 17:16:00,5.0
2022-07-20 17:18:00,2022-07-20 17:19:00,1.0
2022-07-20 17:25:00,2022-07-20 17:25:00,0.0
2022-07-20 17:32:00,2022-07-20 17:42:00,10.0
2022-07-20 17:55:00,2022-07-20 17:55:00,0.0
2022-07-21 12:37:00,2022-07-21 13:11:00,34.0
2022-07-21 13:13:00,2022-07-21 18:49:00,336.0
2022-07-22 11:41:00,2022-07-22 18:23:00,402.0
2022-07-22 18:26:00,2022-07-22 18:26:00,0.0
2022-07-23 12:32:00,2022-07-23 17:05:00,273.0
2022-07-24 11:42:00,2022-07-24 17:40:00,358.0
2022-07-25 13:14:00,2022-07-25 16:39:00,205.0
2022-07-30 13:04:00,2022-07-30 13:04:00,0.0
2022-07-30 13:09:00,2022-07-30 13:09:00,0.0
2022-07-30 13:12:00,2022-07-30 13:30:00,18.0
2022-07-30 13:32:00,2022-07-30 14:15:00,43.0
2022-07-30 14:17:00,2022-07-30 14:17:00,0.0
2022-07-30 14:55:00,2022-07-30 14:55:00,0.0
2022-07-30 14:58:00,2022-07-30 15:00:00,2.0
2022-07-30 15:02:00,2022-07-30 15:03:00,1.0
2022-07-30 15:06:00,2022-07-30 18:09:00,183.0
2022-07-31 12:22:00,2022-07-31 12:22:00,0.0
2022-07-31 12:25:00,2022-07-31 12:25:00,0.0
2022-07-31 12:27:00,2022-07-31 12:28:00,1.0
2022-07-31 12:35:00,2022-07-31 12:36:00,1.0
2022-07-31 12:39:00,2022-07-31 19:09:00,390.0
2022-07-31 19:11:00,2022-07-31 19:12:00,1.0
2022-08-01 11:26:00,2022-08-01 11:27:00,1.0
2022-08-01 11:29:00,2022-08-01 16:32:00,303.0
2022-08-02 12:24:00,2022-08-02 18:47:00,383.0
2022-08-03 10:25:00,2022-08-03 17:27:00,422.0
2022-08-03 18:01:00,2022-08-03 18:01:00,0.0
2022-08-04 13:21:00,2022-08-04 17:23:00,242.0
2022-08-05 12:44:00,2022-08-05 13:19:00,35.0
2022-08-06 17:47:00,2022-08-06 17:57:00,10.0
2022-08-06 18:04:00,2022-08-06 18:09:00,5.0
2022-08-07 10:41:00,2022-08-07 18:45:00,484.0
2022-08-08 10:26:00,2022-08-08 18:32:00,486.0
2022-08-09 12:12:00,2022-08-09 17:46:00,334.0
2022-08-10 11:49:00,2022-08-10 18:19:00,390.0
2022-08-11 11:24:00,2022-08-11 17:53:00,389.0
2022-08-12 12:14:00,2022-08-12 12:15:00,1.0
2022-08-12 12:17:00,2022-08-12 12:18:00,1.0
2022-08-12 12:20:00,2022-08-12 18:01:00,341.0
2022-08-12 18:11:00,2022-08-12 19:34:00,83.0
2022-08-13 13:15:00,2022-08-13 13:18:00,3.0
2022-08-13 13:31:00,2022-08-13 14:03:00,32.0
2022-08-13 14:05:00,2022-08-13 14:08:00,3.0
2022-08-13 14:22:00,2022-08-13 14:24:00,2.0
2022-08-13 14:29:00,2022-08-13 14:29:00,0.0
2022-08-13 14:33:00,2022-08-13 17:14:00,161.0
2022-08-13 17:17:00,2022-08-13 17:24:00,7.0
2022-08-13 17:39:00,2022-08-13 17:55:00,16.0
2022-08-15 14:57:00,2022-08-15 15:01:00,4.0
2022-08-15 15:04:00,2022-08-15 15:16:00,12.0
2022-08-15 15:25:00,2022-08-15 15:30:00,5.0
2022-08-15 15:36:00,2022-08-15 15:36:00,0.0
2022-08-15 15:38:00,2022-08-15 15:40:00,2.0
2022-08-15 15:42:00,2022-08-15 15:42:00,0.0
2022-08-15 15:55:00,2022-08-15 15:56:00,1.0
2022-08-15 15:58:00,2022-08-15 15:59:00,1.0
2022-08-15 16:11:00,2022-08-15 16:16:00,5.0
2022-08-16 14:21:00,2022-08-16 14:37:00,16.0
2022-08-16 17:12:00,2022-08-16 18:25:00,73.0
2022-08-17 12:50:00,2022-08-17 17:20:00,270.0
2022-08-17 17:56:00,2022-08-17 18:18:00,22.0
2022-08-18 13:05:00,2022-08-18 13:20:00,15.0
2022-08-18 13:22:00,2022-08-18 17:35:00,253.0
2022-08-18 17:37:00,2022-08-18 17:46:00,9.0
2022-08-19 12:02:00,2022-08-19 12:02:00,0.0
2022-08-19 12:07:00,2022-08-19 12:11:00,4.0
2022-08-19 12:13:00,2022-08-19 12:14:00,1.0
2022-08-19 12:20:00,2022-08-19 18:21:00,361.0
2022-08-20 13:38:00,2022-08-20 17:48:00,250.0
2022-08-21 12:57:00,2022-08-21 13:00:00,3.0
2022-08-21 13:13:00,2022-08-21 17:24:00,251.0
2022-08-22 12:57:00,2022-08-22 12:57:00,0.0
2022-08-22 13:22:00,2022-08-22 13:22:00,0.0
2022-08-22 13:24:00,2022-08-22 15:49:00,145.0
2022-08-22 15:52:00,2022-08-22 15:52:00,0.0
2022-08-23 14:02:00,2022-08-23 14:59:00,57.0
2022-08-24 13:31:00,2022-08-24 13:34:00,3.0
2022-08-25 13:59:00,2022-08-25 14:11:00,12.0
2022-08-25 14:44:00,2022-08-25 16:18:00,94.0
2022-08-25 16:53:00,2022-08-25 17:04:00,11.0
2022-08-26 14:25:00,2022-08-26 14:27:00,2.0
2022-08-26 14:33:00,2022-08-26 14:33:00,0.0
2022-08-26 14:36:00,2022-08-26 14:43:00,7.0
2022-08-26 15:15:00,2022-08-26 15:28:00,13.0
2022-08-26 15:31:00,2022-08-26 15:31:00,0.0
2022-08-26 15:34:00,2022-08-26 15:35:00,1.0
2022-08-26 15:49:00,2022-08-26 16:10:00,21.0
2022-08-26 16:16:00,2022-08-26 16:26:00,10.0
2022-09-02 14:43:00,2022-09-02 14:43:00,0.0
2022-09-02 14:45:00,2022-09-02 14:52:00,7.0
2022-09-02 14:54:00,2022-09-02 14:55:00,1.0
2022-09-03 17:06:00,2022-09-03 17:08:00,2.0
2022-09-03 17:11:00,2022-09-03 17:11:00,0.0
2022-09-03 17:15:00,2022-09-03 17:15:00,0.0
2022-09-04 16:38:00,2022-09-04 16:38:00,0.0
2022-09-04 16:40:00,2022-09-04 16:48:00,8.0
2022-09-04 16:55:00,2022-09-04 17:43:00,48.0
2022-09-04 17:45:00,2022-09-04 17:45:00,0.0
2022-09-06 14:31:00,2022-09-06 14:31:00,0.0
2022-09-06 16:23:00,2022-09-06 16:39:00,16.0
2022-09-06 17:40:00,2022-09-06 17:40:00,0.0
2022-09-07 14:06:00,2022-09-07 14:20:00,14.0
2022-09-07 14:23:00,2022-09-07 16:11:00,108.0
2022-09-08 16:12:00,2022-09-08 16:17:00,5.0
2022-09-10 14:08:00,2022-09-10 14:08:00,0.0
2022-09-10 14:19:00,2022-09-10 14:19:00,0.0
2022-09-10 14:37:00,2022-09-10 14:37:00,0.0
2022-09-10 14:40:00,2022-09-10 16:08:00,88.0
2022-09-11 14:41:00,2022-09-11 15:04:00,23.0
2022-09-11 15:06:00,2022-09-11 15:21:00,15.0
2022-09-11 15:24:00,2022-09-11 15:24:00,0.0
2022-09-11 15:37:00,2022-09-11 15:50:00,13.0
2022-09-11 15:53:00,2022-09-11 16:18:00,25.0
2022-09-11 16:27:00,2022-09-11 16:27:00,0.0
2022-09-11 16:30:00,2022-09-11 16:32:00,2.0
2022-09-11 16:35:00,2022-09-11 16:35:00,0.0
2022-09-12 12:57:00,2022-09-12 12:58:00,1.0
2022-09-12 13:01:00,2022-09-12 15:03:00,122.0
2022-09-12 15:05:00,2022-09-12 15:10:00,5.0
2022-09-13 13:02:00,2022-09-13 13:03:00,1.0
2022-09-13 13:38:00,2022-09-13 13:38:00,0.0
2022-09-13 13:41:00,2022-09-13 13:48:00,7.0
2022-09-13 13:50:00,2022-09-13 16:45:00,175.0
2022-09-13 16:47:00,2022-09-13 16:48:00,1.0
2022-09-13 16:57:00,2022-09-13 16:57:00,0.0
2022-09-14 13:10:00,2022-09-14 13:16:00,6.0
2022-09-14 13:18:00,2022-09-14 13:19:00,1.0
2022-09-14 13:21:00,2022-09-14 13:22:00,1.0
2022-09-14 13:24:00,2022-09-14 13:25:00,1.0
2022-09-14 13:27:00,2022-09-14 13:27:00,0.0
2022-09-14 14:02:00,2022-09-14 14:05:00,3.0
2022-09-14 14:07:00,2022-09-14 17:02:00,175.0
2022-09-15 13:39:00,2022-09-15 13:39:00,0.0
2022-09-15 14:23:00,2022-09-15 14:43:00,20.0
2022-09-15 15:01:00,2022-09-15 15:27:00,26.0
2022-09-15 15:29:00,2022-09-15 15:39:00,10.0
2022-09-15 15:56:00,2022-09-15 16:00:00,4.0
2022-09-15 16:07:00,2022-09-15 16:11:00,4.0
2022-09-15 16:14:00,2022-09-15 16:14:00,0.0
2022-09-15 16:17:00,2022-09-15 16:18:00,1.0
2022-09-15 16:20:00,2022-09-15 16:31:00,11.0
2022-09-15 16:33:00,2022-09-15 16:34:00,1.0
2022-09-22 14:00:00,2022-09-22 14:02:00,2.0
2022-09-22 14:05:00,2022-09-22 14:09:00,4.0
2022-10-14 14:20:00,2022-10-14 14:20:00,0.0
2022-10-22 12:55:00,2022-10-22 12:58:00,3.0
2022-10-22 13:00:00,2022-10-22 13:54:00,54.0
2022-10-22 13:57:00,2022-10-22 13:57:00,0.0
2022-10-22 13:59:00,2022-10-22 14:01:00,2.0
2022-10-22 14:27:00,2022-10-22 14:27:00,0.0
2023-01-04 09:53:00,2023-01-04 10:19:00,26.0
2023-01-04 12:10:00,2023-01-04 12:10:00,0.0
2023-01-05 09:54:00,2023-01-05 09:57:00,3.0
2023-01-13 13:24:00,2023-01-13 13:24:00,0.0
2023-01-14 13:01:00,2023-01-14 13:03:00,2.0
2023-01-16 13:05:00,2023-01-16 13:08:00,3.0
2023-01-22 09:53:00,2023-01-22 09:53:00,0.0
2023-02-06 18:07:00,2023-02-06 18:10:00,3.0
2023-02-07 11:01:00,2023-02-07 11:02:00,1.0
2023-02-07 12:09:00,2023-02-07 12:30:00,21.0
2023-02-07 12:34:00,2023-02-07 12:35:00,1.0
2023-02-07 12:38:00,2023-02-07 13:13:00,35.0
2023-02-10 03:34:00,2023-02-10 03:35:00,1.0
2023-02-12 13:15:00,2023-02-12 13:15:00,0.0
2023-02-12 13:19:00,2023-02-12 13:42:00,23.0
2023-02-12 13:44:00,2023-02-12 13:45:00,1.0
2023-02-14 12:41:00,2023-02-14 12:43:00,2.0
2023-02-14 14:06:00,2023-02-14 14:08:00,2.0
2023-02-14 14:11:00,2023-02-14 14:29:00,18.0
2023-02-18 10:47:00,2023-02-18 10:48:00,1.0
2023-02-18 10:51:00,2023-02-18 10:51:00,0.0
2023-03-05 02:34:00,2023-03-05 02:36:00,2.0
2023-03-05 10:01:00,2023-03-05 10:06:00,5.0
2023-03-06 08:11:00,2023-03-06 08:14:00,3.0
2023-03-06 10:38:00,2023-03-06 10:42:00,4.0
2023-03-12 09:10:00,2023-03-12 09:10:00,0.0
2023-03-14 10:00:00,2023-03-14 10:08:00,8.0
2023-03-14 12:02:00,2023-03-14 12:04:00,2.0
2023-03-16 10:36:00,2023-03-16 10:38:00,2.0
2023-03-20 13:28:00,2023-03-20 13:44:00,16.0
2023-03-23 09:40:00,2023-03-23 09:40:00,0.0
2023-03-24 09:11:00,2023-03-24 09:12:00,1.0
2023-03-25 08:34:00,2023-03-25 08:45:00,11.0
2023-03-29 09:04:00,2023-03-29 09:05:00,1.0
2023-04-01 09:22:00,2023-04-01 09:28:00,6.0
2023-04-09 14:04:00,2023-04-09 14:05:00,1.0
2023-04-10 12:32:00,2023-04-10 12:34:00,2.0
2023-04-20 13:11:00,2023-04-20 13:13:00,2.0
2023-04-21 09:05:00,2023-04-21 09:07:00,2.0
2023-04-25 14:16:00,2023-04-25 14:26:00,10.0
2023-04-30 09:59:00,2023-04-30 10:06:00,7.0
2023-04-30 10:25:00,2023-04-30 10:25:00,0.0
2023-04-30 13:15:00,2023-04-30 13:21:00,6.0
2023-04-30 13:24:00,2023-04-30 13:24:00,0.0
2023-04-30 13:28:00,2023-04-30 13:34:00,6.0
2023-04-30 14:03:00,2023-04-30 14:07:00,4.0
2023-05-07 09:46:00,2023-05-07 09:50:00,4.0
2023-05-07 10:52:00,2023-05-07 10:53:00,1.0
2023-05-07 13:47:00,2023-05-07 13:54:00,7.0
2023-05-07 13:57:00,2023-05-07 14:11:00,14.0
2023-05-07 14:13:00,2023-05-07 14:17:00,4.0
2023-05-07 14:19:00,2023-05-07 17:16:00,177.0
2023-05-07 17:18:00,2023-05-07 17:18:00,0.0
2023-05-07 17:21:00,2023-05-07 17:26:00,5.0
2023-05-07 17:39:00,2023-05-07 17:39:00,0.0
2023-05-08 11:06:00,2023-05-08 11:10:00,4.0
2023-05-08 13:04:00,2023-05-08 13:06:00,2.0
2023-05-08 13:12:00,2023-05-08 13:13:00,1.0
2023-05-08 13:18:00,2023-05-08 18:07:00,289.0
2023-05-08 18:10:00,2023-05-08 18:11:00,1.0
2023-05-08 18:13:00,2023-05-08 18:13:00,0.0
2023-05-09 13:03:00,2023-05-09 13:10:00,7.0
2023-05-09 13:13:00,2023-05-09 14:53:00,100.0
2023-05-09 14:55:00,2023-05-09 18:28:00,213.0
2023-05-10 09:12:00,2023-05-10 09:12:00,0.0
2023-05-10 09:15:00,2023-05-10 10:28:00,73.0
2023-05-10 11:02:00,2023-05-10 12:40:00,98.0
2023-05-10 13:42:00,2023-05-10 14:06:00,24.0
2023-05-10 14:08:00,2023-05-10 14:13:00,5.0
2023-05-10 14:45:00,2023-05-10 14:47:00,2.0
2023-05-10 14:56:00,2023-05-10 15:03:00,7.0
2023-05-10 15:16:00,2023-05-10 15:16:00,0.0
2023-05-10 15:46:00,2023-05-10 15:46:00,0.0
2023-05-10 15:50:00,2023-05-10 15:50:00,0.0
2023-05-10 15:53:00,2023-05-10 16:00:00,7.0
2023-05-10 16:02:00,2023-05-10 16:47:00,45.0
2023-05-11 10:25:00,2023-05-11 10:28:00,3.0
2023-05-11 13:05:00,2023-05-11 13:18:00,13.0
2023-05-11 14:44:00,2023-05-11 15:06:00,22.0
2023-05-11 15:09:00,2023-05-11 15:09:00,0.0
2023-05-11 15:12:00,2023-05-11 15:12:00,0.0
2023-05-11 15:15:00,2023-05-11 15:50:00,35.0
2023-05-11 15:52:00,2023-05-11 15:52:00,0.0
2023-05-12 11:15:00,2023-05-12 12:00:00,45.0
2023-05-12 12:02:00,2023-05-12 12:05:00,3.0
2023-05-12 12:18:00,2023-05-12 16:39:00,261.0
2023-05-12 16:41:00,2023-05-12 16:49:00,8.0
2023-05-12 16:51:00,2023-05-12 17:06:00,15.0
2023-05-12 17:12:00,2023-05-12 17:12:00,0.0
2023-05-12 17:15:00,2023-05-12 17:17:00,2.0
2023-05-12 17:19:00,2023-05-12 17:20:00,1.0
2023-05-12 17:48:00,2023-05-12 18:32:00,44.0
2023-05-13 08:54:00,2023-05-13 09:25:00,31.0
2023-05-13 10:14:00,2023-05-13 11:01:00,47.0
2023-05-13 11:14:00,2023-05-13 11:14:00,0.0
2023-05-13 11:16:00,2023-05-13 15:37:00,261.0
2023-05-14 12:29:00,2023-05-14 12:29:00,0.0
2023-05-14 12:32:00,2023-05-14 16:35:00,243.0
2023-05-14 16:38:00,2023-05-14 16:46:00,8.0
2023-05-14 16:48:00,2023-05-14 17:12:00,24.0
2023-05-26 16:20:00,2023-05-26 16:26:00,6.0
2023-06-05 11:02:00,2023-06-05 11:03:00,1.0
2023-06-06 14:26:00,2023-06-06 14:35:00,9.0
2023-06-06 14:39:00,2023-06-06 14:39:00,0.0
2023-06-06 15:20:00,2023-06-06 15:20:00,0.0
2023-06-06 15:23:00,2023-06-06 15:26:00,3.0
2023-06-06 15:39:00,2023-06-06 15:41:00,2.0
2023-06-08 13:26:00,2023-06-08 13:27:00,1.0
2023-06-08 13:29:00,2023-06-08 13:30:00,1.0
2023-06-08 13:40:00,2023-06-08 13:40:00,0.0
2023-06-08 13:43:00,2023-06-08 13:52:00,9.0
2023-06-08 13:55:00,2023-06-08 13:55:00,0.0
2023-06-08 13:58:00,2023-06-08 14:28:00,30.0
2023-06-08 14:54:00,2023-06-08 14:55:00,1.0
2023-06-08 14:58:00,2023-06-08 14:58:00,0.0
2023-06-08 15:06:00,2023-06-08 15:19:00,13.0
2023-06-08 15:21:00,2023-06-08 15:23:00,2.0
2023-06-08 15:25:00,2023-06-08 15:46:00,21.0
2023-06-08 15:48:00,2023-06-08 15:54:00,6.0
2023-06-08 15:59:00,2023-06-08 15:59:00,0.0
2023-06-08 16:02:00,2023-06-08 16:04:00,2.0
2023-06-08 16:09:00,2023-06-08 16:18:00,9.0
2023-06-09 12:45:00,2023-06-09 13:06:00,21.0
2023-06-09 13:26:00,2023-06-09 16:00:00,154.0
2023-06-10 14:51:00,2023-06-10 15:04:00,13.0
2023-06-10 15:06:00,2023-06-10 15:06:00,0.0
2023-06-10 15:09:00,2023-06-10 15:10:00,1.0
2023-06-10 15:13:00,2023-06-10 15:24:00,11.0
2023-06-10 15:50:00,2023-06-10 15:51:00,1.0
2023-06-11 14:02:00,2023-06-11 17:22:00,200.0
2023-06-11 17:25:00,2023-06-11 17:26:00,1.0
2023-06-12 11:32:00,2023-06-12 11:32:00,0.0
2023-06-12 12:18:00,2023-06-12 12:34:00,16.0
2023-06-12 12:36:00,2023-06-12 12:37:00,1.0
2023-06-12 12:39:00,2023-06-12 12:40:00,1.0
2023-06-12 12:42:00,2023-06-12 12:43:00,1.0
2023-06-12 12:45:00,2023-06-12 12:46:00,1.0
2023-06-12 12:48:00,2023-06-12 12:49:00,1.0
2023-06-12 12:53:00,2023-06-12 15:22:00,149.0
2023-06-13 11:53:00,2023-06-13 11:53:00,0.0
2023-06-13 11:57:00,2023-06-13 11:58:00,1.0
2023-06-13 12:16:00,2023-06-13 12:20:00,4.0
2023-06-13 12:27:00,2023-06-13 12:27:00,0.0
2023-06-13 12:30:00,2023-06-13 12:34:00,4.0
2023-06-13 12:36:00,2023-06-13 15:01:00,145.0
2023-06-13 15:59:00,2023-06-13 15:59:00,0.0
2023-06-13 16:09:00,2023-06-13 16:16:00,7.0
2023-06-13 16:18:00,2023-06-13 16:18:00,0.0
2023-06-16 15:30:00,2023-06-16 15:38:00,8.0
2023-06-16 15:40:00,2023-06-16 15:40:00,0.0
2023-06-21 13:51:00,2023-06-21 13:59:00,8.0
2023-06-21 15:00:00,2023-06-21 16:07:00,67.0
2023-06-21 16:09:00,2023-06-21 16:13:00,4.0
2023-06-21 16:16:00,2023-06-21 16:18:00,2.0
2023-06-21 16:20:00,2023-06-21 16:20:00,0.0
2023-06-21 16:37:00,2023-06-21 16:38:00,1.0
2023-06-21 16:41:00,2023-06-21 16:41:00,0.0
2023-06-21 16:44:00,2023-06-21 16:44:00,0.0
2023-06-21 16:48:00,2023-06-21 16:48:00,0.0
2023-06-21 16:52:00,2023-06-21 16:53:00,1.0
2023-06-21 16:55:00,2023-06-21 16:57:00,2.0
2023-06-21 16:59:00,2023-06-21 16:59:00,0.0
2023-06-23 13:39:00,2023-06-23 13:41:00,2.0
2023-06-23 13:53:00,2023-06-23 13:53:00,0.0
2023-06-23 14:16:00,2023-06-23 14:50:00,34.0
2023-06-23 14:53:00,2023-06-23 14:54:00,1.0
2023-06-24 12:50:00,2023-06-24 12:51:00,1.0
2023-06-24 13:35:00,2023-06-24 14:16:00,41.0
2023-06-24 14:26:00,2023-06-24 14:27:00,1.0
2023-06-24 14:29:00,2023-06-24 15:06:00,37.0
2023-06-25 11:53:00,2023-06-25 12:03:00,10.0
2023-06-25 12:05:00,2023-06-25 12:07:00,2.0
2023-06-25 12:09:00,2023-06-25 13:47:00,98.0
2023-06-25 13:50:00,2023-06-25 14:00:00,10.0
2023-06-25 14:09:00,2023-06-25 14:28:00,19.0
2023-06-25 14:31:00,2023-06-25 15:00:00,29.0
2023-06-25 15:19:00,2023-06-25 15:20:00,1.0
2023-06-25 15:22:00,2023-06-25 15:24:00,2.0
2023-07-01 13:32:00,2023-07-01 13:41:00,9.0
2023-07-02 08:44:00,2023-07-02 09:34:00,50.0
2023-07-02 10:16:00,2023-07-02 10:29:00,13.0
2023-07-04 16:30:00,2023-07-04 16:40:00,10.0
2023-07-04 17:30:00,2023-07-04 17:33:00,3.0
2023-07-05 13:39:00,2023-07-05 13:43:00,4.0
2023-07-05 13:45:00,2023-07-05 13:46:00,1.0
2023-07-05 13:52:00,2023-07-05 14:26:00,34.0
2023-07-05 14:28:00,2023-07-05 14:35:00,7.0
2023-07-05 14:44:00,2023-07-05 14:48:00,4.0
2023-07-05 14:51:00,2023-07-05 14:52:00,1.0
2023-07-05 14:54:00,2023-07-05 15:01:00,7.0
2023-07-05 15:27:00,2023-07-05 15:30:00,3.0
2023-07-05 15:42:00,2023-07-05 15:59:00,17.0
2023-07-05 16:06:00,2023-07-05 16:10:00,4.0
2023-07-05 16:51:00,2023-07-05 17:02:00,11.0
2023-07-05 17:04:00,2023-07-05 17:04:00,0.0
2023-07-05 17:19:00,2023-07-05 17:27:00,8.0
2023-07-06 12:57:00,2023-07-06 13:09:00,12.0
2023-07-06 13:29:00,2023-07-06 13:30:00,1.0
2023-07-06 13:32:00,2023-07-06 13:33:00,1.0
2023-07-06 13:35:00,2023-07-06 13:36:00,1.0
2023-07-06 13:39:00,2023-07-06 13:54:00,15.0
2023-07-06 14:17:00,2023-07-06 14:17:00,0.0
2023-07-06 14:36:00,2023-07-06 15:50:00,74.0
2023-07-06 15:55:00,2023-07-06 15:55:00,0.0
2023-07-06 15:58:00,2023-07-06 17:01:00,63.0
2023-07-07 12:45:00,2023-07-07 13:00:00,15.0
2023-07-07 13:36:00,2023-07-07 13:37:00,1.0
2023-07-07 13:44:00,2023-07-07 13:49:00,5.0
2023-07-07 13:52:00,2023-07-07 13:52:00,0.0
2023-07-07 14:02:00,2023-07-07 14:03:00,1.0
2023-07-07 14:11:00,2023-07-07 14:13:00,2.0
2023-07-07 14:30:00,2023-07-07 14:30:00,0.0
2023-07-07 15:04:00,2023-07-07 15:04:00,0.0
2023-07-07 15:06:00,2023-07-07 15:41:00,35.0
2023-07-07 15:44:00,2023-07-07 15:45:00,1.0
2023-07-07 15:48:00,2023-07-07 15:48:00,0.0
2023-07-07 16:04:00,2023-07-07 16:04:00,0.0
2023-07-07 16:07:00,2023-07-07 16:14:00,7.0
2023-07-07 16:16:00,2023-07-07 16:16:00,0.0
2023-07-07 16:23:00,2023-07-07 16:39:00,16.0
2023-07-08 12:05:00,2023-07-08 12:34:00,29.0
2023-07-08 12:44:00,2023-07-08 13:39:00,55.0
2023-07-08 13:42:00,2023-07-08 13:42:00,0.0
2023-07-08 13:45:00,2023-07-08 13:45:00,0.0
2023-07-08 14:04:00,2023-07-08 14:08:00,4.0
2023-07-09 15:04:00,2023-07-09 15:10:00,6.0
2023-07-09 15:20:00,2023-07-09 15:52:00,32.0
2023-07-09 16:10:00,2023-07-09 16:23:00,13.0
2023-07-09 16:25:00,2023-07-09 16:25:00,0.0
2023-07-09 16:28:00,2023-07-09 16:29:00,1.0
2023-07-09 16:31:00,2023-07-09 16:31:00,0.0
2023-07-09 16:34:00,2023-07-09 16:35:00,1.0
2023-07-09 16:37:00,2023-07-09 16:38:00,1.0
2023-07-10 14:22:00,2023-07-10 14:53:00,31.0
2023-07-10 14:58:00,2023-07-10 17:18:00,140.0
2023-07-11 14:25:00,2023-07-11 17:35:00,190.0
2023-07-11 17:41:00,2023-07-11 17:41:00,0.0
2023-07-15 13:04:00,2023-07-15 17:31:00,267.0
2023-07-16 12:03:00,2023-07-16 12:03:00,0.0
2023-07-16 12:32:00,2023-07-16 12:32:00,0.0
2023-07-16 12:35:00,2023-07-16 12:40:00,5.0
2023-07-16 12:43:00,2023-07-16 12:44:00,1.0
2023-07-16 12:51:00,2023-07-16 18:23:00,332.0
2023-07-17 12:05:00,2023-07-17 17:51:00,346.0
2023-07-18 13:03:00,2023-07-18 16:44:00,221.0
2023-07-19 13:14:00,2023-07-19 13:19:00,5.0
2023-07-19 13:21:00,2023-07-19 13:21:00,0.0
2023-07-19 13:32:00,2023-07-19 13:32:00,0.0
2023-07-19 13:34:00,2023-07-19 14:20:00,46.0
2023-07-19 14:31:00,2023-07-19 14:41:00,10.0
2023-07-19 14:49:00,2023-07-19 14:50:00,1.0
2023-07-19 14:53:00,2023-07-19 14:55:00,2.0
2023-07-19 14:59:00,2023-07-19 15:10:00,11.0
2023-07-19 15:13:00,2023-07-19 15:13:00,0.0
2023-07-19 15:33:00,2023-07-19 15:34:00,1.0
2023-07-19 15:36:00,2023-07-19 15:38:00,2.0
2023-07-19 15:41:00,2023-07-19 15:41:00,0.0
2023-07-19 15:46:00,2023-07-19 15:47:00,1.0
2023-07-20 11:29:00,2023-07-20 11:45:00,16.0
2023-07-20 11:47:00,2023-07-20 12:05:00,18.0
2023-07-20 12:07:00,2023-07-20 17:04:00,297.0
2023-07-20 17:09:00,2023-07-20 17:10:00,1.0
2023-07-20 17:12:00,2023-07-20 17:13:00,1.0
2023-07-21 13:40:00,2023-07-21 13:53:00,13.0
2023-07-21 14:09:00,2023-07-21 16:49:00,160.0
2023-07-21 16:52:00,2023-07-21 17:02:00,10.0
2023-07-21 17:04:00,2023-07-21 17:05:00,1.0
2023-07-22 13:37:00,2023-07-22 13:40:00,3.0
2023-07-22 13:56:00,2023-07-22 14:53:00,57.0
2023-07-22 14:55:00,2023-07-22 14:55:00,0.0
2023-07-22 14:59:00,2023-07-22 14:59:00,0.0
2023-07-22 15:27:00,2023-07-22 15:27:00,0.0
2023-07-23 15:06:00,2023-07-23 15:12:00,6.0
2023-07-23 15:56:00,2023-07-23 16:01:00,5.0
2023-07-23 16:06:00,2023-07-23 16:31:00,25.0
2023-07-25 15:32:00,2023-07-25 15:32:00,0.0
2023-07-26 13:41:00,2023-07-26 13:55:00,14.0
2023-07-26 13:57:00,2023-07-26 13:59:00,2.0
2023-07-26 14:01:00,2023-07-26 14:01:00,0.0
2023-07-26 14:07:00,2023-07-26 14:07:00,0.0
2023-07-26 14:55:00,2023-07-26 15:05:00,10.0
2023-07-26 15:07:00,2023-07-26 15:18:00,11.0
2023-07-26 15:28:00,2023-07-26 15:51:00,23.0
2023-07-26 15:57:00,2023-07-26 16:02:00,5.0
2023-07-26 16:14:00,2023-07-26 16:20:00,6.0
2023-08-01 14:01:00,2023-08-01 16:30:00,149.0
2023-08-01 16:41:00,2023-08-01 16:43:00,2.0
2023-08-02 13:11:00,2023-08-02 13:11:00,0.0
2023-08-02 13:14:00,2023-08-02 13:15:00,1.0
2023-08-02 13:17:00,2023-08-02 17:39:00,262.0
2023-08-03 13:03:00,2023-08-03 13:16:00,13.0
2023-08-03 13:18:00,2023-08-03 13:19:00,1.0
2023-08-03 13:21:00,2023-08-03 13:28:00,7.0
2023-08-03 13:30:00,2023-08-03 13:35:00,5.0
2023-08-03 13:37:00,2023-08-03 13:37:00,0.0
2023-08-03 13:43:00,2023-08-03 13:43:00,0.0
2023-08-03 13:46:00,2023-08-03 13:55:00,9.0
2023-08-03 13:58:00,2023-08-03 13:58:00,0.0
2023-08-03 14:21:00,2023-08-03 14:22:00,1.0
2023-08-03 14:30:00,2023-08-03 14:30:00,0.0
2023-08-03 14:33:00,2023-08-03 14:33:00,0.0
2023-08-03 14:57:00,2023-08-03 15:01:00,4.0
2023-08-04 13:47:00,2023-08-04 13:55:00,8.0
2023-08-04 13:57:00,2023-08-04 13:59:00,2.0
2023-08-04 14:01:00,2023-08-04 14:01:00,0.0
2023-08-04 14:23:00,2023-08-04 14:23:00,0.0
2023-08-04 14:26:00,2023-08-04 14:26:00,0.0
2023-08-04 14:28:00,2023-08-04 14:38:00,10.0
2023-08-04 14:40:00,2023-08-04 14:56:00,16.0
2023-08-04 14:59:00,2023-08-04 15:14:00,15.0
2023-08-04 15:17:00,2023-08-04 15:17:00,0.0
2023-08-04 15:20:00,2023-08-04 15:48:00,28.0
2023-08-05 14:10:00,2023-08-05 14:34:00,24.0
2023-08-05 14:40:00,2023-08-05 14:50:00,10.0
2023-08-05 14:52:00,2023-08-05 14:53:00,1.0
2023-08-05 14:55:00,2023-08-05 17:34:00,159.0
2023-08-05 17:37:00,2023-08-05 17:37:00,0.0
2023-08-05 17:40:00,2023-08-05 17:41:00,1.0
2023-08-06 12:38:00,2023-08-06 17:40:00,302.0
2023-08-07 12:57:00,2023-08-07 17:04:00,247.0
2023-08-07 17:07:00,2023-08-07 17:07:00,0.0
2023-08-07 17:16:00,2023-08-07 17:17:00,1.0
2023-08-07 17:19:00,2023-08-07 17:19:00,0.0
2023-08-08 11:45:00,2023-08-08 12:04:00,19.0
2023-08-08 12:14:00,2023-08-08 18:07:00,353.0
2023-08-08 18:10:00,2023-08-08 18:10:00,0.0
2023-08-08 18:13:00,2023-08-08 18:29:00,16.0
2023-08-08 18:31:00,2023-08-08 18:32:00,1.0
2023-08-09 11:16:00,2023-08-09 14:51:00,215.0
2023-08-10 13:41:00,2023-08-10 17:12:00,211.0
2023-08-11 14:05:00,2023-08-11 14:10:00,5.0
2023-08-11 15:08:00,2023-08-11 15:20:00,12.0
2023-08-11 15:50:00,2023-08-11 16:08:00,18.0
2023-08-11 16:26:00,2023-08-11 16:26:00,0.0
2023-08-11 16:40:00,2023-08-11 16:49:00,9.0
2023-08-11 17:27:00,2023-08-11 17:31:00,4.0
2023-08-13 12:58:00,2023-08-13 12:59:00,1.0
2023-08-13 13:01:00,2023-08-13 13:02:00,1.0
2023-08-13 13:20:00,2023-08-13 13:20:00,0.0
2023-08-13 13:37:00,2023-08-13 13:37:00,0.0
2023-08-13 13:40:00,2023-08-13 13:56:00,16.0
2023-08-13 14:01:00,2023-08-13 14:05:00,4.0
2023-08-13 14:07:00,2023-08-13 14:08:00,1.0
2023-08-13 14:25:00,2023-08-13 14:27:00,2.0
2023-08-13 14:32:00,2023-08-13 14:33:00,1.0
2023-08-13 15:04:00,2023-08-13 15:41:00,37.0
2023-08-13 15:53:00,2023-08-13 16:11:00,18.0
2023-08-13 16:14:00,2023-08-13 16:29:00,15.0
2023-08-13 16:31:00,2023-08-13 16:31:00,0.0
2023-08-13 16:33:00,2023-08-13 16:47:00,14.0
2023-08-14 13:05:00,2023-08-14 13:05:00,0.0
2023-08-14 13:08:00,2023-08-14 13:09:00,1.0
2023-08-14 13:11:00,2023-08-14 13:11:00,0.0
2023-08-14 13:15:00,2023-08-14 13:15:00,0.0
2023-08-14 13:18:00,2023-08-14 13:18:00,0.0
2023-08-14 13:20:00,2023-08-14 13:40:00,20.0
2023-08-14 13:46:00,2023-08-14 13:46:00,0.0
2023-08-14 13:48:00,2023-08-14 13:50:00,2.0
2023-08-14 13:54:00,2023-08-14 15:34:00,100.0
2023-08-15 13:12:00,2023-08-15 14:13:00,61.0
2023-08-15 14:27:00,2023-08-15 14:28:00,1.0
2023-08-23 14:06:00,2023-08-23 14:15:00,9.0
2023-08-23 14:22:00,2023-08-23 15:53:00,91.0
2023-08-24 14:59:00,2023-08-24 14:59:00,0.0
2023-08-24 15:01:00,2023-08-24 15:02:00,1.0
2023-08-25 12:48:00,2023-08-25 12:50:00,2.0
2023-08-25 12:52:00,2023-08-25 12:52:00,0.0
2023-08-25 12:54:00,2023-08-25 12:54:00,0.0
2023-08-25 13:01:00,2023-08-25 13:07:00,6.0
2023-08-25 13:15:00,2023-08-25 14:10:00,55.0
2023-08-25 14:12:00,2023-08-25 14:13:00,1.0
2023-08-25 14:15:00,2023-08-25 14:21:00,6.0
2023-08-25 14:23:00,2023-08-25 14:24:00,1.0
2023-08-25 14:32:00,2023-08-25 16:55:00,143.0
2023-08-25 16:57:00,2023-08-25 16:58:00,1.0
2023-08-25 17:00:00,2023-08-25 17:12:00,12.0
2023-08-25 17:14:00,2023-08-25 17:41:00,27.0
2023-08-25 17:43:00,2023-08-25 17:43:00,0.0
2023-08-26 12:41:00,2023-08-26 12:41:00,0.0
2023-08-26 12:44:00,2023-08-26 12:44:00,0.0
2023-08-26 12:53:00,2023-08-26 12:59:00,6.0
2023-08-26 13:01:00,2023-08-26 15:53:00,172.0
2023-08-29 13:29:00,2023-08-29 13:38:00,9.0
2023-08-29 13:41:00,2023-08-29 13:41:00,0.0
2023-08-29 13:43:00,2023-08-29 13:49:00,6.0
2023-08-29 14:50:00,2023-08-29 14:54:00,4.0
2023-08-29 15:01:00,2023-08-29 15:07:00,6.0
2023-08-29 15:27:00,2023-08-29 15:48:00,21.0
2023-08-29 15:54:00,2023-08-29 17:12:00,78.0
2023-08-30 16:09:00,2023-08-30 16:14:00,5.0
2023-09-10 15:28:00,2023-09-10 15:33:00,5.0
2023-09-12 14:36:00,2023-09-12 14:36:00,0.0
2023-09-12 15:25:00,2023-09-12 15:25:00,0.0
2023-09-13 13:47:00,2023-09-13 14:38:00,51.0
2023-09-13 15:29:00,2023-09-13 15:46:00,17.0
2023-09-13 15:48:00,2023-09-13 16:04:00,16.0
2023-09-13 16:07:00,2023-09-13 16:07:00,0.0
2023-09-13 16:11:00,2023-09-13 16:35:00,24.0
2023-12-26 15:45:00,2023-12-26 15:58:00,13.0
2023-12-26 16:15:00,2023-12-26 16:18:00,3.0
2023-12-26 19:03:00,2023-12-26 19:06:00,3.0
2023-12-27 02:33:00,2023-12-27 02:41:00,8.0
2024-04-16 07:43:00,2024-04-16 07:51:00,8.0
2024-05-22 13:45:00,2024-05-22 13:58:00,13.0
2024-05-22 14:02:00,2024-05-22 14:16:00,14.0
2024-05-22 14:23:00,2024-05-22 14:39:00,16.0
2024-05-22 14:44:00,2024-05-22 15:16:00,32.0
2024-05-23 12:25:00,2024-05-23 12:34:00,9.0
2024-05-23 12:44:00,2024-05-23 13:03:00,19.0
2024-05-23 13:05:00,2024-05-23 13:05:00,0.0
2024-05-23 13:28:00,2024-05-23 13:40:00,12.0
2024-05-23 13:45:00,2024-05-23 13:59:00,14.0
2024-05-23 14:11:00,2024-05-23 14:19:00,8.0
2024-05-26 13:21:00,2024-05-26 13:26:00,5.0
2024-05-27 13:24:00,2024-05-27 13:30:00,6.0
2024-05-27 13:44:00,2024-05-27 13:49:00,5.0
2024-05-27 13:59:00,2024-05-27 14:05:00,6.0
2024-05-27 14:21:00,2024-05-27 14:24:00,3.0
2024-05-27 14:26:00,2024-05-27 14:27:00,1.0
2024-05-27 14:35:00,2024-05-27 14:36:00,1.0
2024-05-27 15:33:00,2024-05-27 15:33:00,0.0
2024-05-27 15:42:00,2024-05-27 15:43:00,1.0
2024-05-27 15:48:00,2024-05-27 15:50:00,2.0
2024-05-30 14:03:00,2024-05-30 17:30:00,207.0
2024-05-31 13:26:00,2024-05-31 13:31:00,5.0
2024-05-31 16:54:00,2024-05-31 17:09:00,15.0
2024-06-01 12:51:00,2024-06-01 12:56:00,5.0
2024-06-01 13:03:00,2024-06-01 13:39:00,36.0
2024-06-01 14:19:00,2024-06-01 14:26:00,7.0
2024-06-01 14:28:00,2024-06-01 14:29:00,1.0
2024-06-01 14:31:00,2024-06-01 14:42:00,11.0
2024-06-01 14:46:00,2024-06-01 15:11:00,25.0
2024-06-01 15:18:00,2024-06-01 15:32:00,14.0
2024-06-01 15:34:00,2024-06-01 17:07:00,93.0
2024-06-02 11:56:00,2024-06-02 11:57:00,1.0
2024-06-02 12:03:00,2024-06-02 12:03:00,0.0
2024-06-02 12:06:00,2024-06-02 15:07:00,181.0
2024-06-02 15:24:00,2024-06-02 15:24:00,0.0
2024-06-02 15:27:00,2024-06-02 15:31:00,4.0
2024-06-04 16:02:00,2024-06-04 16:02:00,0.0
2024-06-04 16:16:00,2024-06-04 16:16:00,0.0
2024-06-04 16:19:00,2024-06-04 16:28:00,9.0
2024-06-05 14:37:00,2024-06-05 14:37:00,0.0
2024-06-05 14:39:00,2024-06-05 14:59:00,20.0
2024-06-05 15:11:00,2024-06-05 15:17:00,6.0
2024-06-07 16:56:00,2024-06-07 16:56:00,0.0
2024-06-08 12:24:00,2024-06-08 12:25:00,1.0
2024-06-08 12:41:00,2024-06-08 12:45:00,4.0
2024-06-08 12:53:00,2024-06-08 12:56:00,3.0
2024-06-08 13:14:00,2024-06-08 13:20:00,6.0
2024-06-08 14:37:00,2024-06-08 14:37:00,0.0
2024-06-08 14:39:00,2024-06-08 14:56:00,17.0
2024-06-08 15:07:00,2024-06-08 15:15:00,8.0
2024-06-09 14:28:00,2024-06-09 14:31:00,3.0
2024-06-09 14:44:00,2024-06-09 14:49:00,5.0
2024-06-09 15:03:00,2024-06-09 15:06:00,3.0
2024-06-09 15:09:00,2024-06-09 15:10:00,1.0
2024-06-09 15:12:00,2024-06-09 15:22:00,10.0
2024-06-09 15:24:00,2024-06-09 15:24:00,0.0
2024-06-09 15:26:00,2024-06-09 15:35:00,9.0
2024-06-09 15:38:00,2024-06-09 15:51:00,13.0
2024-06-09 15:56:00,2024-06-09 16:21:00,25.0
2024-06-09 16:24:00,2024-06-09 16:37:00,13.0
2024-06-09 16:40:00,2024-06-09 16:55:00,15.0
2024-06-09 17:03:00,2024-06-09 17:13:00,10.0
2024-06-09 17:15:00,2024-06-09 17:22:00,7.0
2024-06-11 13:25:00,2024-06-11 13:57:00,32.0
2024-06-11 13:59:00,2024-06-11 13:59:00,0.0
2024-06-11 14:15:00,2024-06-11 14:39:00,24.0
2024-06-11 14:46:00,2024-06-11 14:53:00,7.0
2024-06-11 15:04:00,2024-06-11 15:04:00,0.0
2024-06-11 15:07:00,2024-06-11 15:07:00,0.0
2024-06-11 15:28:00,2024-06-11 15:45:00,17.0
2024-06-11 15:47:00,2024-06-11 15:48:00,1.0
2024-06-11 16:37:00,2024-06-11 16:51:00,14.0
2024-06-11 17:15:00,2024-06-11 17:38:00,23.0
2024-06-11 17:42:00,2024-06-11 17:47:00,5.0
2024-06-11 17:49:00,2024-06-11 17:49:00,0.0
2024-06-12 11:57:00,2024-06-12 11:57:00,0.0
2024-06-12 12:12:00,2024-06-12 17:14:00,302.0
2024-06-12 17:16:00,2024-06-12 17:16:00,0.0
2024-06-12 17:22:00,2024-06-12 17:22:00,0.0
2024-06-12 17:26:00,2024-06-12 17:26:00,0.0
2024-06-12 17:34:00,2024-06-12 17:34:00,0.0
2024-06-13 11:28:00,2024-06-13 11:29:00,1.0
2024-06-13 11:44:00,2024-06-13 11:49:00,5.0
2024-06-13 11:59:00,2024-06-13 12:18:00,19.0
2024-06-13 12:20:00,2024-06-13 12:34:00,14.0
2024-06-13 12:41:00,2024-06-13 15:31:00,170.0
2024-06-13 15:34:00,2024-06-13 15:44:00,10.0
2024-06-13 15:53:00,2024-06-13 15:53:00,0.0
2024-06-13 16:10:00,2024-06-13 16:14:00,4.0
2024-06-13 16:27:00,2024-06-13 16:30:00,3.0
2024-06-14 10:53:00,2024-06-14 10:57:00,4.0
2024-06-14 11:09:00,2024-06-14 11:16:00,7.0
2024-06-14 11:27:00,2024-06-14 11:37:00,10.0
2024-06-14 11:44:00,2024-06-14 11:56:00,12.0
2024-06-14 12:03:00,2024-06-14 12:15:00,12.0
2024-06-14 12:24:00,2024-06-14 12:33:00,9.0
2024-06-14 12:43:00,2024-06-14 12:47:00,4.0
2024-06-14 13:05:00,2024-06-14 13:09:00,4.0
2024-06-14 13:16:00,2024-06-14 13:25:00,9.0
2024-06-14 13:34:00,2024-06-14 13:42:00,8.0
2024-06-14 13:52:00,2024-06-14 13:55:00,3.0
2024-06-14 14:08:00,2024-06-14 14:14:00,6.0
2024-06-14 14:23:00,2024-06-14 14:24:00,1.0
2024-06-14 14:26:00,2024-06-14 14:26:00,0.0
2024-06-14 14:36:00,2024-06-14 14:50:00,14.0
2024-06-14 14:52:00,2024-06-14 14:52:00,0.0
2024-06-14 14:55:00,2024-06-14 14:55:00,0.0
2024-06-14 14:58:00,2024-06-14 14:59:00,1.0
2024-06-14 15:18:00,2024-06-14 15:26:00,8.0
2024-06-14 15:28:00,2024-06-14 15:28:00,0.0
2024-06-14 15:40:00,2024-06-14 15:46:00,6.0
2024-06-15 15:27:00,2024-06-15 15:27:00,0.0
2024-06-15 15:29:00,2024-06-15 15:33:00,4.0
2024-06-15 15:36:00,2024-06-15 15:36:00,0.0
2024-06-15 17:27:00,2024-06-15 17:35:00,8.0
2024-06-16 11:46:00,2024-06-16 11:49:00,3.0
2024-06-16 11:53:00,2024-06-16 11:53:00,0.0
2024-06-16 11:55:00,2024-06-16 12:56:00,61.0
2024-06-16 12:59:00,2024-06-16 16:21:00,202.0
2024-06-16 16:30:00,2024-06-16 16:31:00,1.0
2024-06-17 14:40:00,2024-06-17 14:44:00,4.0
2024-06-17 14:50:00,2024-06-17 15:02:00,12.0
2024-06-17 15:12:00,2024-06-17 15:21:00,9.0
2024-06-17 15:34:00,2024-06-17 15:37:00,3.0
2024-06-17 15:49:00,2024-06-17 15:59:00,10.0
2024-06-17 16:10:00,2024-06-17 16:11:00,1.0
2024-06-18 12:33:00,2024-06-18 12:40:00,7.0
2024-06-18 12:46:00,2024-06-18 13:01:00,15.0
2024-06-18 13:07:00,2024-06-18 13:23:00,16.0
2024-06-18 13:25:00,2024-06-18 17:43:00,258.0
2024-06-19 12:52:00,2024-06-19 13:02:00,10.0
2024-06-19 13:08:00,2024-06-19 17:59:00,291.0
2024-06-20 10:57:00,2024-06-20 10:58:00,1.0
2024-06-20 11:14:00,2024-06-20 11:22:00,8.0
2024-06-20 11:33:00,2024-06-20 11:39:00,6.0
2024-06-20 11:49:00,2024-06-20 17:35:00,346.0
2024-06-20 17:38:00,2024-06-20 17:38:00,0.0
2024-06-20 17:41:00,2024-06-20 17:42:00,1.0
2024-06-20 17:56:00,2024-06-20 17:57:00,1.0
2024-06-21 14:13:00,2024-06-21 18:11:00,238.0
2024-06-22 12:16:00,2024-06-22 18:44:00,388.0
2024-06-23 10:42:00,2024-06-23 10:48:00,6.0
2024-06-23 10:57:00,2024-06-23 11:06:00,9.0
2024-06-23 11:14:00,2024-06-23 19:03:00,469.0
2024-06-23 19:09:00,2024-06-23 19:20:00,11.0
2024-06-24 10:24:00,2024-06-24 10:27:00,3.0
2024-06-24 10:33:00,2024-06-24 19:09:00,516.0
2024-06-24 19:20:00,2024-06-24 19:22:00,2.0
2024-06-25 11:11:00,2024-06-25 19:03:00,472.0
2024-06-26 10:27:00,2024-06-26 10:30:00,3.0
2024-06-26 10:45:00,2024-06-26 10:47:00,2.0
2024-06-26 10:56:00,2024-06-26 12:23:00,87.0
2024-06-26 12:25:00,2024-06-26 13:00:00,35.0
2024-06-26 13:03:00,2024-06-26 16:26:00,203.0
2024-06-26 16:31:00,2024-06-26 18:49:00,138.0
2024-06-26 18:51:00,2024-06-26 18:51:00,0.0
2024-06-27 16:20:00,2024-06-27 16:32:00,12.0
2024-06-27 16:34:00,2024-06-27 16:34:00,0.0
2024-06-27 16:38:00,2024-06-27 16:39:00,1.0
2024-06-27 16:42:00,2024-06-27 16:43:00,1.0
2024-06-27 16:46:00,2024-06-27 16:46:00,0.0
2024-06-27 16:56:00,2024-06-27 17:52:00,56.0
2024-06-27 17:54:00,2024-06-27 17:56:00,2.0
2024-06-27 18:44:00,2024-06-27 18:53:00,9.0
2024-06-28 12:47:00,2024-06-28 13:31:00,44.0
2024-06-28 13:37:00,2024-06-28 13:38:00,1.0
2024-06-28 13:41:00,2024-06-28 15:22:00,101.0
2024-06-28 15:25:00,2024-06-28 15:26:00,1.0
2024-06-28 15:33:00,2024-06-28 15:33:00,0.0
2024-06-28 15:39:00,2024-06-28 15:41:00,2.0
2024-06-28 15:43:00,2024-06-28 15:48:00,5.0
2024-06-29 11:39:00,2024-06-29 11:40:00,1.0
2024-06-29 11:55:00,2024-06-29 11:57:00,2.0
2024-06-29 12:09:00,2024-06-29 12:09:00,0.0
2024-06-29 12:14:00,2024-06-29 12:15:00,1.0
2024-06-29 12:17:00,2024-06-29 12:17:00,0.0
2024-06-29 12:21:00,2024-06-29 12:21:00,0.0
2024-06-29 12:25:00,2024-06-29 15:16:00,171.0
2024-06-29 15:20:00,2024-06-29 15:20:00,0.0
2024-06-29 15:42:00,2024-06-29 15:44:00,2.0
2024-06-30 11:27:00,2024-06-30 11:32:00,5.0
2024-06-30 11:45:00,2024-06-30 11:47:00,2.0
2024-06-30 12:01:00,2024-06-30 12:03:00,2.0
2024-06-30 14:08:00,2024-06-30 14:10:00,2.0
2024-07-01 11:42:00,2024-07-01 11:43:00,1.0
2024-07-01 11:57:00,2024-07-01 12:10:00,13.0
2024-07-01 12:12:00,2024-07-01 13:44:00,92.0
2024-07-06 12:18:00,2024-07-06 12:26:00,8.0
2024-07-06 12:29:00,2024-07-06 17:32:00,303.0
2024-07-07 12:13:00,2024-07-07 12:15:00,2.0
2024-07-07 12:32:00,2024-07-07 12:33:00,1.0
2024-07-07 12:47:00,2024-07-07 12:50:00,3.0
2024-07-07 12:59:00,2024-07-07 13:09:00,10.0
2024-07-07 13:15:00,2024-07-07 13:35:00,20.0
2024-07-07 13:43:00,2024-07-07 13:48:00,5.0
2024-07-07 13:58:00,2024-07-07 14:08:00,10.0
2024-07-07 14:14:00,2024-07-07 17:39:00,205.0
2024-07-08 14:03:00,2024-07-08 17:38:00,215.0
2024-07-09 14:05:00,2024-07-09 14:08:00,3.0
2024-07-10 12:29:00,2024-07-10 12:40:00,11.0
2024-07-10 12:43:00,2024-07-10 17:52:00,309.0
2024-07-11 13:00:00,2024-07-11 17:50:00,290.0
2024-07-11 17:52:00,2024-07-11 17:52:00,0.0
2024-07-12 10:21:00,2024-07-12 10:30:00,9.0
2024-07-12 10:36:00,2024-07-12 10:49:00,13.0
2024-07-12 10:52:00,2024-07-12 18:13:00,441.0
2024-07-12 18:15:00,2024-07-12 18:15:00,0.0
2024-07-13 10:07:00,2024-07-13 10:09:00,2.0
2024-07-13 10:22:00,2024-07-13 10:29:00,7.0
2024-07-13 10:37:00,2024-07-13 19:24:00,527.0
2024-07-13 19:26:00,2024-07-13 19:26:00,0.0
2024-07-14 11:08:00,2024-07-14 18:03:00,415.0
2024-07-14 18:05:00,2024-07-14 18:06:00,1.0
2024-07-14 18:09:00,2024-07-14 18:09:00,0.0
2024-07-15 13:48:00,2024-07-15 14:02:00,14.0
2024-07-15 14:04:00,2024-07-15 14:04:00,0.0
2024-07-15 14:07:00,2024-07-15 15:50:00,103.0
2024-07-15 15:55:00,2024-07-15 15:55:00,0.0
2024-07-15 15:57:00,2024-07-15 15:59:00,2.0
2024-07-15 16:01:00,2024-07-15 16:02:00,1.0
2024-07-16 14:18:00,2024-07-16 14:25:00,7.0
2024-07-16 14:31:00,2024-07-16 16:54:00,143.0
2024-07-17 12:57:00,2024-07-17 18:13:00,316.0
2024-07-18 12:02:00,2024-07-18 18:34:00,392.0
2024-07-18 18:39:00,2024-07-18 18:43:00,4.0
2024-07-19 11:14:00,2024-07-19 18:02:00,408.0
2024-07-20 12:38:00,2024-07-20 14:29:00,111.0
2024-07-21 12:23:00,2024-07-21 18:38:00,375.0
2024-07-22 11:14:00,2024-07-22 17:39:00,385.0
2024-07-23 11:13:00,2024-07-23 11:15:00,2.0
2024-07-23 11:24:00,2024-07-23 11:36:00,12.0
2024-07-23 11:40:00,2024-07-23 11:51:00,11.0
2024-07-23 11:59:00,2024-07-23 18:07:00,368.0
2024-07-23 18:10:00,2024-07-23 18:11:00,1.0
2024-07-23 18:14:00,2024-07-23 18:16:00,2.0
2024-07-24 10:39:00,2024-07-24 19:34:00,535.0
2024-07-25 10:44:00,2024-07-25 19:17:00,513.0
2024-07-26 10:18:00,2024-07-26 18:18:00,480.0
2024-07-27 10:50:00,2024-07-27 18:15:00,445.0
2024-07-28 09:21:00,2024-07-28 16:44:00,443.0
2024-07-29 12:06:00,2024-07-29 12:16:00,10.0
2024-07-29 12:21:00,2024-07-29 17:19:00,298.0
2024-07-30 12:08:00,2024-07-30 12:28:00,20.0
2024-07-31 12:54:00,2024-07-31 17:28:00,274.0
2024-08-02 11:56:00,2024-08-02 12:04:00,8.0
2024-08-02 12:10:00,2024-08-02 17:28:00,318.0
2024-08-03 13:18:00,2024-08-03 13:19:00,1.0
2024-08-03 13:22:00,2024-08-03 13:22:00,0.0
2024-08-03 13:31:00,2024-08-03 13:41:00,10.0
2024-08-03 13:51:00,2024-08-03 13:58:00,7.0
2024-08-03 14:01:00,2024-08-03 14:31:00,30.0
2024-08-03 14:49:00,2024-08-03 14:56:00,7.0
2024-08-03 15:07:00,2024-08-03 15:07:00,0.0
2024-08-03 15:21:00,2024-08-03 15:26:00,5.0
2024-08-03 15:28:00,2024-08-03 15:35:00,7.0
2024-08-03 15:39:00,2024-08-03 15:39:00,0.0
2024-08-03 15:43:00,2024-08-03 15:44:00,1.0
2024-08-03 15:46:00,2024-08-03 15:48:00,2.0
2024-08-04 12:55:00,2024-08-04 13:56:00,61.0
2024-08-04 14:02:00,2024-08-04 14:13:00,11.0
2024-08-04 14:19:00,2024-08-04 14:28:00,9.0
2024-08-04 14:30:00,2024-08-04 14:30:00,0.0
2024-08-04 14:34:00,2024-08-04 14:45:00,11.0
2024-08-05 15:33:00,2024-08-05 15:36:00,3.0
2024-08-05 16:09:00,2024-08-05 16:10:00,1.0
2024-08-05 16:12:00,2024-08-05 16:15:00,3.0
2024-08-05 16:21:00,2024-08-05 16:21:00,0.0
2024-08-07 13:56:00,2024-08-07 13:57:00,1.0
2024-08-07 14:00:00,2024-08-07 14:01:00,1.0
2024-08-07 14:32:00,2024-08-07 14:37:00,5.0
2024-08-07 14:54:00,2024-08-07 15:17:00,23.0
2024-08-08 14:13:00,2024-08-08 14:22:00,9.0
2024-08-08 14:25:00,2024-08-08 14:26:00,1.0
2024-08-08 14:28:00,2024-08-08 16:26:00,118.0
2024-08-09 13:43:00,2024-08-09 13:47:00,4.0
2024-08-09 14:01:00,2024-08-09 14:05:00,4.0
2024-08-09 14:12:00,2024-08-09 17:26:00,194.0
2024-08-10 13:08:00,2024-08-10 13:13:00,5.0
2024-08-10 13:15:00,2024-08-10 17:22:00,247.0
2024-08-10 17:26:00,2024-08-10 17:26:00,0.0
2024-08-11 13:07:00,2024-08-11 13:12:00,5.0
2024-08-11 13:22:00,2024-08-11 16:40:00,198.0
2024-08-12 13:40:00,2024-08-12 13:41:00,1.0
2024-08-12 13:43:00,2024-08-12 13:43:00,0.0
2024-08-12 13:46:00,2024-08-12 17:21:00,215.0
2024-08-13 12:09:00,2024-08-13 18:47:00,398.0
2024-08-14 12:27:00,2024-08-14 12:37:00,10.0
2024-08-14 12:44:00,2024-08-14 16:26:00,222.0
2024-08-15 12:37:00,2024-08-15 12:37:00,0.0
2024-08-15 12:52:00,2024-08-15 15:42:00,170.0
2024-08-15 15:48:00,2024-08-15 15:59:00,11.0
2024-08-15 16:06:00,2024-08-15 16:12:00,6.0
2024-08-16 13:48:00,2024-08-16 13:55:00,7.0
2024-08-16 13:57:00,2024-08-16 15:27:00,90.0
2024-08-16 16:17:00,2024-08-16 16:17:00,0.0
2024-08-16 16:27:00,2024-08-16 16:38:00,11.0
2024-08-16 16:44:00,2024-08-16 16:44:00,0.0
2024-08-17 12:10:00,2024-08-17 12:11:00,1.0
2024-08-17 14:14:00,2024-08-17 14:22:00,8.0
2024-08-17 14:29:00,2024-08-17 14:40:00,11.0
2024-08-17 14:45:00,2024-08-17 15:09:00,24.0
2024-08-17 15:20:00,2024-08-17 15:24:00,4.0
2024-08-18 13:36:00,2024-08-18 13:39:00,3.0
2024-08-18 13:51:00,2024-08-18 18:34:00,283.0
2024-08-25 13:06:00,2024-08-25 13:08:00,2.0
2024-08-25 13:16:00,2024-08-25 13:35:00,19.0
2024-08-25 14:54:00,2024-08-25 15:01:00,7.0
2024-08-25 15:50:00,2024-08-25 15:56:00,6.0
2024-08-27 12:54:00,2024-08-27 12:55:00,1.0
2024-08-27 13:31:00,2024-08-27 13:31:00,0.0
2024-08-27 13:33:00,2024-08-27 13:33:00,0.0
2024-08-27 13:52:00,2024-08-27 13:52:00,0.0
2024-08-27 13:58:00,2024-08-27 16:33:00,155.0
2024-08-28 13:25:00,2024-08-28 13:35:00,10.0
2024-08-28 13:38:00,2024-08-28 16:53:00,195.0
2024-08-28 16:55:00,2024-08-28 17:31:00,36.0
2024-08-28 17:34:00,2024-08-28 17:39:00,5.0
2024-08-28 17:41:00,2024-08-28 17:41:00,0.0
2024-08-29 14:04:00,2024-08-29 14:04:00,0.0
2024-08-29 14:16:00,2024-08-29 17:05:00,169.0
2024-08-30 12:01:00,2024-08-30 12:01:00,0.0
2024-08-30 12:17:00,2024-08-30 12:32:00,15.0
2024-08-30 12:51:00,2024-08-30 12:51:00,0.0
2024-08-30 13:00:00,2024-08-30 13:00:00,0.0
2024-08-30 13:02:00,2024-08-30 15:02:00,120.0
2024-08-30 15:04:00,2024-08-30 15:05:00,1.0
2024-08-30 15:07:00,2024-08-30 15:08:00,1.0
2024-09-03 16:36:00,2024-09-03 16:37:00,1.0
2024-09-04 15:32:00,2024-09-04 15:41:00,9.0
2024-09-04 16:48:00,2024-09-04 16:55:00,7.0
2024-09-04 16:57:00,2024-09-04 16:57:00,0.0
2024-09-04 17:09:00,2024-09-04 17:13:00,4.0
2024-09-04 17:26:00,2024-09-04 17:31:00,5.0
2024-09-05 15:12:00,2024-09-05 15:16:00,4.0
2024-09-08 14:32:00,2024-09-08 14:39:00,7.0
2024-09-08 14:51:00,2024-09-08 14:56:00,5.0
2024-09-08 15:11:00,2024-09-08 15:12:00,1.0
2024-09-08 15:14:00,2024-09-08 15:14:00,0.0
2024-09-08 15:30:00,2024-09-08 15:30:00,0.0
2024-09-08 15:39:00,2024-09-08 15:44:00,5.0
2024-09-08 15:47:00,2024-09-08 15:48:00,1.0
2024-09-08 15:50:00,2024-09-08 16:27:00,37.0
2024-09-08 16:33:00,2024-09-08 16:40:00,7.0
2024-09-08 16:47:00,2024-09-08 16:54:00,7.0
2024-09-08 16:57:00,2024-09-08 16:58:00,1.0
2024-09-08 17:00:00,2024-09-08 17:00:00,0.0
2024-09-08 17:03:00,2024-09-08 17:03:00,0.0
2024-09-09 14:52:00,2024-09-09 15:05:00,13.0
2024-09-09 15:14:00,2024-09-09 15:22:00,8.0
2024-09-09 15:28:00,2024-09-09 16:08:00,40.0
2024-09-09 16:10:00,2024-09-09 16:26:00,16.0
2024-09-09 16:29:00,2024-09-09 16:36:00,7.0
2024-09-10 13:23:00,2024-09-10 13:24:00,1.0
2024-09-10 13:38:00,2024-09-10 16:06:00,148.0
2024-09-10 16:08:00,2024-09-10 16:17:00,9.0
2024-09-12 13:29:00,2024-09-12 13:57:00,28.0
2024-09-22 13:51:00,2024-09-22 13:52:00,1.0
2024-09-22 13:54:00,2024-09-22 13:54:00,0.0
2024-09-22 13:56:00,2024-09-22 13:57:00,1.0
2024-09-22 14:26:00,2024-09-22 16:57:00,151.0
2024-09-23 13:50:00,2024-09-23 13:55:00,5.0
2024-09-24 14:19:00,2024-09-24 14:35:00,16.0
2024-09-24 14:52:00,2024-09-24 14:58:00,6.0
2024-09-24 15:01:00,2024-09-24 15:01:00,0.0
2024-10-22 10:47:00,2024-10-22 10:52:00,5.0
2024-10-23 09:43:00,2024-10-23 09:48:00,5.0
2024-10-23 13:57:00,2024-10-23 14:00:00,3.0
2024-10-24 13:25:00,2024-10-24 13:26:00,1.0
2024-11-03 11:29:00,2024-11-03 11:35:00,6.0
2024-11-05 08:21:00,2024-11-05 08:25:00,4.0
2024-11-12 09:25:00,2024-11-12 09:27:00,2.0
2024-11-13 12:47:00,2024-11-13 12:52:00,5.0
2024-11-22 08:59:00,2024-11-22 09:04:00,5.0
2024-11-22 11:17:00,2024-11-22 11:21:00,4.0
2024-11-22 12:37:00,2024-11-22 12:38:00,1.0
2024-12-02 14:24:00,2024-12-02 14:43:00,19.0
2025-01-06 05:33:00,2025-01-06 05:34:00,1.0
2025-04-11 13:12:00,2025-04-11 13:23:00,11.0
2025-04-23 13:09:00,2025-04-23 13:23:00,14.0
2025-04-29 16:11:00,2025-04-29 16:17:00,6.0
2025-05-09 11:32:00,2025-05-09 11:33:00,1.0
2025-05-09 11:56:00,2025-05-09 12:21:00,25.0
2025-05-14 18:05:00,2025-05-14 18:10:00,5.0
2025-05-15 16:02:00,2025-05-15 16:02:00,0.0
2025-05-16 13:47:00,2025-05-16 13:47:00,0.0
2025-05-16 13:51:00,2025-05-16 13:51:00,0.0
2025-05-16 14:03:00,2025-05-16 14:03:00,0.0
2025-05-16 14:06:00,2025-05-16 14:07:00,1.0
2025-05-16 14:10:00,2025-05-16 14:10:00,0.0
2025-05-16 14:14:00,2025-05-16 14:16:00,2.0
2025-05-16 14:18:00,2025-05-16 14:19:00,1.0
2025-05-16 14:55:00,2025-05-16 15:02:00,7.0
2025-05-16 15:04:00,2025-05-16 15:05:00,1.0
2025-05-16 15:08:00,2025-05-16 15:08:00,0.0
2025-05-20 12:14:00,2025-05-20 12:40:00,26.0
2025-05-20 13:00:00,2025-05-20 13:00:00,0.0
2025-05-20 13:04:00,2025-05-20 13:04:00,0.0
2025-05-20 13:08:00,2025-05-20 13:08:00,0.0
2025-05-20 13:12:00,2025-05-20 13:13:00,1.0
2025-05-20 13:15:00,2025-05-20 13:17:00,2.0
2025-05-20 13:20:00,2025-05-20 17:41:00,261.0
2025-05-20 17:44:00,2025-05-20 17:44:00,0.0
2025-05-21 11:01:00,2025-05-21 11:01:00,0.0
2025-05-21 11:17:00,2025-05-21 16:50:00,333.0
2025-05-21 16:52:00,2025-05-21 16:54:00,2.0
2025-05-21 16:56:00,2025-05-21 16:57:00,1.0
2025-05-21 17:01:00,2025-05-21 17:01:00,0.0
2025-05-21 17:05:00,2025-05-21 17:05:00,0.0
2025-05-22 11:33:00,2025-05-22 11:39:00,6.0
2025-05-22 11:42:00,2025-05-22 11:43:00,1.0
2025-05-22 11:46:00,2025-05-22 11:48:00,2.0
2025-05-22 11:50:00,2025-05-22 18:19:00,389.0
2025-05-23 16:20:00,2025-05-23 16:20:00,0.0
2025-05-23 16:23:00,2025-05-23 18:15:00,112.0
2025-05-23 18:17:00,2025-05-23 18:18:00,1.0
2025-05-24 12:16:00,2025-05-24 19:09:00,413.0
2025-05-24 19:11:00,2025-05-24 19:12:00,1.0
2025-05-25 12:21:00,2025-05-25 12:55:00,34.0
2025-05-25 12:58:00,2025-05-25 16:11:00,193.0
2025-05-25 16:13:00,2025-05-25 16:19:00,6.0
2025-05-25 16:21:00,2025-05-25 16:22:00,1.0
2025-05-25 16:25:00,2025-05-25 16:27:00,2.0
2025-05-25 16:29:00,2025-05-25 16:30:00,1.0
2025-05-25 16:33:00,2025-05-25 16:34:00,1.0
2025-05-25 16:37:00,2025-05-25 16:38:00,1.0
2025-05-25 16:41:00,2025-05-25 16:42:00,1.0
2025-05-25 16:45:00,2025-05-25 16:46:00,1.0
2025-05-28 13:13:00,2025-05-28 13:14:00,1.0
2025-05-28 13:18:00,2025-05-28 13:18:00,0.0
2025-05-28 13:20:00,2025-05-28 13:22:00,2.0
2025-05-28 13:24:00,2025-05-28 13:54:00,30.0
2025-05-28 13:59:00,2025-05-28 14:00:00,1.0
2025-05-28 14:02:00,2025-05-28 16:24:00,142.0
2025-05-28 16:26:00,2025-05-28 16:27:00,1.0
2025-05-28 16:35:00,2025-05-28 16:35:00,0.0
2025-05-29 15:58:00,2025-05-29 15:58:00,0.0
2025-05-29 16:02:00,2025-05-29 16:02:00,0.0
2025-05-30 13:32:00,2025-05-30 16:49:00,197.0
2025-05-30 16:51:00,2025-05-30 16:57:00,6.0
2025-05-30 16:59:00,2025-05-30 17:00:00,1.0
2025-06-11 14:31:00,2025-06-11 14:31:00,0.0
2025-06-11 14:47:00,2025-06-11 14:51:00,4.0
2025-06-11 14:53:00,2025-06-11 14:53:00,0.0
2025-06-11 15:06:00,2025-06-11 15:11:00,5.0
2025-06-11 15:14:00,2025-06-11 15:32:00,18.0
2025-06-11 15:36:00,2025-06-11 15:36:00,0.0
2025-06-11 15:39:00,2025-06-11 15:57:00,18.0
2025-06-11 16:00:00,2025-06-11 16:00:00,0.0
2025-06-11 16:08:00,2025-06-11 16:08:00,0.0
2025-06-11 16:13:00,2025-06-11 16:13:00,0.0
2025-06-12 13:04:00,2025-06-12 13:28:00,24.0
2025-06-12 13:31:00,2025-06-12 13:31:00,0.0
2025-06-12 14:01:00,2025-06-12 14:50:00,49.0
2025-06-12 14:52:00,2025-06-12 14:53:00,1.0
2025-06-12 14:57:00,2025-06-12 14:58:00,1.0
2025-06-12 15:00:00,2025-06-12 15:44:00,44.0
2025-06-12 15:47:00,2025-06-12 15:47:00,0.0
2025-06-13 11:27:00,2025-06-13 11:31:00,4.0
2025-06-13 11:34:00,2025-06-13 11:36:00,2.0
2025-06-13 11:39:00,2025-06-13 14:28:00,169.0
2025-06-13 14:31:00,2025-06-13 14:49:00,18.0
2025-06-13 14:52:00,2025-06-13 14:52:00,0.0
2025-06-13 14:56:00,2025-06-13 14:57:00,1.0
2025-06-13 14:59:00,2025-06-13 15:01:00,2.0
2025-06-13 15:04:00,2025-06-13 15:04:00,0.0
2025-06-13 15:07:00,2025-06-13 15:09:00,2.0
2025-06-13 15:11:00,2025-06-13 15:17:00,6.0
2025-06-13 15:19:00,2025-06-13 15:20:00,1.0
2025-06-14 12:31:00,2025-06-14 12:34:00,3.0
2025-06-14 12:36:00,2025-06-14 12:48:00,12.0
2025-06-14 12:50:00,2025-06-14 12:59:00,9.0
2025-06-14 13:01:00,2025-06-14 13:01:00,0.0
2025-06-14 13:05:00,2025-06-14 13:07:00,2.0
2025-06-14 14:14:00,2025-06-14 14:14:00,0.0
2025-06-14 14:51:00,2025-06-14 14:52:00,1.0
2025-06-14 14:55:00,2025-06-14 14:57:00,2.0
2025-06-14 14:59:00,2025-06-14 15:01:00,2.0
2025-06-14 15:04:00,2025-06-14 15:05:00,1.0
2025-06-14 15:08:00,2025-06-14 15:09:00,1.0
2025-06-14 15:11:00,2025-06-14 16:37:00,86.0
2025-06-15 13:29:00,2025-06-15 19:11:00,342.0
2025-06-16 11:12:00,2025-06-16 11:12:00,0.0
2025-06-16 11:14:00,2025-06-16 11:20:00,6.0
2025-06-16 11:24:00,2025-06-16 11:24:00,0.0
2025-06-16 11:36:00,2025-06-16 11:37:00,1.0
2025-06-16 11:40:00,2025-06-16 11:45:00,5.0
2025-06-16 11:57:00,2025-06-16 18:55:00,418.0
2025-06-17 13:57:00,2025-06-17 13:57:00,0.0
2025-06-17 14:13:00,2025-06-17 18:07:00,234.0
2025-06-18 14:00:00,2025-06-18 14:00:00,0.0
2025-06-18 14:02:00,2025-06-18 14:36:00,34.0
2025-06-18 14:38:00,2025-06-18 14:40:00,2.0
2025-06-18 14:43:00,2025-06-18 14:54:00,11.0
2025-06-18 14:56:00,2025-06-18 14:58:00,2.0
2025-06-18 15:01:00,2025-06-18 15:02:00,1.0
2025-06-18 15:06:00,2025-06-18 15:06:00,0.0
2025-06-18 15:10:00,2025-06-18 15:10:00,0.0
2025-06-18 15:14:00,2025-06-18 15:15:00,1.0
2025-06-18 15:18:00,2025-06-18 15:42:00,24.0
2025-06-18 15:46:00,2025-06-18 15:46:00,0.0
2025-06-18 15:50:00,2025-06-18 15:51:00,1.0
2025-06-18 15:54:00,2025-06-18 15:56:00,2.0
2025-06-18 15:59:00,2025-06-18 16:00:00,1.0
2025-06-18 16:29:00,2025-06-18 16:35:00,6.0
2025-06-22 14:14:00,2025-06-22 14:14:00,0.0
2025-06-22 14:23:00,2025-06-22 14:23:00,0.0
2025-06-24 13:32:00,2025-06-24 13:34:00,2.0
2025-06-24 13:37:00,2025-06-24 13:39:00,2.0
2025-06-24 13:41:00,2025-06-24 13:42:00,1.0
2025-06-24 13:46:00,2025-06-24 13:46:00,0.0
2025-06-24 14:21:00,2025-06-24 15:25:00,64.0
2025-06-24 15:27:00,2025-06-24 17:57:00,150.0
2025-06-24 17:59:00,2025-06-24 18:24:00,25.0
2025-06-25 13:47:00,2025-06-25 13:47:00,0.0
2025-06-25 13:51:00,2025-06-25 13:51:00,0.0
2025-06-25 13:56:00,2025-06-25 13:57:00,1.0
2025-06-25 13:59:00,2025-06-25 14:39:00,40.0
2025-06-25 14:42:00,2025-06-25 14:42:00,0.0
2025-06-25 14:50:00,2025-06-25 14:51:00,1.0
2025-06-25 14:55:00,2025-06-25 14:55:00,0.0
2025-06-25 14:59:00,2025-06-25 14:59:00,0.0
2025-06-25 15:03:00,2025-06-25 15:03:00,0.0
2025-06-25 15:07:00,2025-06-25 15:07:00,0.0
2025-06-29 14:12:00,2025-06-29 15:16:00,64.0
2025-06-29 15:19:00,2025-06-29 15:20:00,1.0
2025-06-29 15:24:00,2025-06-29 15:24:00,0.0
2025-06-29 15:28:00,2025-06-29 15:29:00,1.0
2025-06-29 15:32:00,2025-06-29 16:23:00,51.0
2025-06-29 16:25:00,2025-06-29 16:27:00,2.0
2025-06-30 12:30:00,2025-06-30 19:39:00,429.0
2025-06-30 19:41:00,2025-06-30 19:42:00,1.0
2025-07-04 13:54:00,2025-07-04 14:02:00,8.0
2025-07-04 14:10:00,2025-07-04 14:10:00,0.0
2025-07-04 14:14:00,2025-07-04 14:15:00,1.0
2025-07-04 14:17:00,2025-07-04 14:20:00,3.0
2025-07-04 14:23:00,2025-07-04 14:24:00,1.0
2025-07-04 14:27:00,2025-07-04 14:27:00,0.0
2025-07-04 14:47:00,2025-07-04 14:47:00,0.0
2025-07-04 14:50:00,2025-07-04 14:51:00,1.0
2025-07-04 14:54:00,2025-07-04 14:55:00,1.0
2025-07-09 12:12:00,2025-07-09 12:14:00,2.0
2025-07-15 12:49:00,2025-07-15 15:28:00,159.0
2025-07-15 15:30:00,2025-07-15 15:31:00,1.0
2025-07-15 15:35:00,2025-07-15 15:35:00,0.0
2025-07-16 11:05:00,2025-07-16 11:21:00,16.0
2025-07-16 11:25:00,2025-07-16 11:26:00,1.0
2025-07-16 11:34:00,2025-07-16 11:34:00,0.0
2025-07-16 11:38:00,2025-07-16 11:44:00,6.0
2025-07-16 11:47:00,2025-07-16 11:48:00,1.0
2025-07-16 11:51:00,2025-07-16 11:52:00,1.0
2025-07-16 11:56:00,2025-07-16 11:56:00,0.0
2025-07-16 11:59:00,2025-07-16 12:01:00,2.0
2025-07-16 12:04:00,2025-07-16 13:34:00,90.0
2025-07-17 10:20:00,2025-07-17 19:35:00,555.0
2025-07-18 11:39:00,2025-07-18 17:06:00,327.0
2025-07-18 17:08:00,2025-07-18 17:09:00,1.0
2025-07-18 17:11:00,2025-07-18 17:14:00,3.0
2025-07-18 22:32:00,2025-07-18 22:32:00,0.0
2025-07-20 14:37:00,2025-07-20 18:40:00,243.0
2025-07-20 18:48:00,2025-07-20 18:48:00,0.0
2025-07-20 18:52:00,2025-07-20 18:53:00,1.0
2025-07-20 18:56:00,2025-07-20 18:56:00,0.0
2025-07-21 14:15:00,2025-07-21 16:58:00,163.0
2025-07-21 17:01:00,2025-07-21 17:01:00,0.0
2025-07-22 13:21:00,2025-07-22 13:22:00,1.0
2025-07-22 13:25:00,2025-07-22 13:25:00,0.0
2025-07-22 13:29:00,2025-07-22 13:30:00,1.0
2025-07-22 13:33:00,2025-07-22 16:13:00,160.0
2025-07-22 16:16:00,2025-07-22 16:27:00,11.0
2025-07-22 16:29:00,2025-07-22 16:30:00,1.0
2025-07-23 12:43:00,2025-07-23 12:45:00,2.0
2025-07-23 12:48:00,2025-07-23 12:50:00,2.0
2025-07-23 12:52:00,2025-07-23 12:54:00,2.0
2025-07-23 12:57:00,2025-07-23 17:26:00,269.0
2025-07-23 17:28:00,2025-07-23 17:30:00,2.0
2025-07-23 17:33:00,2025-07-23 17:33:00,0.0
2025-07-24 12:49:00,2025-07-24 12:52:00,3.0
2025-07-24 12:56:00,2025-07-24 18:06:00,310.0
2025-07-24 18:09:00,2025-07-24 18:10:00,1.0
2025-07-25 15:32:00,2025-07-25 15:32:00,0.0
2025-07-25 15:35:00,2025-07-25 15:38:00,3.0
2025-07-25 15:40:00,2025-07-25 15:56:00,16.0
2025-07-25 15:58:00,2025-07-25 16:00:00,2.0
2025-07-25 16:02:00,2025-07-25 16:05:00,3.0
2025-07-25 16:07:00,2025-07-25 16:35:00,28.0
2025-07-25 16:38:00,2025-07-25 16:40:00,2.0
2025-07-25 16:42:00,2025-07-25 16:44:00,2.0
2025-07-26 13:45:00,2025-07-26 13:45:00,0.0
2025-07-26 13:48:00,2025-07-26 13:49:00,1.0
2025-07-26 13:52:00,2025-07-26 13:53:00,1.0
2025-07-26 13:56:00,2025-07-26 17:18:00,202.0
2025-07-26 17:21:00,2025-07-26 17:21:00,0.0
2025-07-27 13:13:00,2025-07-27 13:13:00,0.0
2025-07-27 13:17:00,2025-07-27 13:19:00,2.0
2025-07-27 13:22:00,2025-07-27 16:58:00,216.0
2025-07-28 12:47:00,2025-07-28 12:48:00,1.0
2025-07-28 12:50:00,2025-07-28 15:40:00,170.0
2025-07-28 15:43:00,2025-07-28 15:44:00,1.0
2025-07-28 15:48:00,2025-07-28 15:49:00,1.0
2025-07-28 15:52:00,2025-07-28 15:53:00,1.0
2025-07-28 15:56:00,2025-07-28 15:58:00,2.0
2025-07-28 16:00:00,2025-07-28 16:01:00,1.0
2025-07-28 16:13:00,2025-07-28 16:14:00,1.0
2025-07-28 16:17:00,2025-07-28 16:18:00,1.0
2025-07-28 16:21:00,2025-07-28 16:22:00,1.0
2025-07-28 16:26:00,2025-07-28 16:26:00,0.0
2025-07-29 11:38:00,2025-07-29 16:31:00,293.0
2025-07-30 11:01:00,2025-07-30 11:03:00,2.0
2025-07-30 11:05:00,2025-07-30 20:26:00,561.0
2025-07-31 12:33:00,2025-07-31 18:28:00,355.0
2025-07-31 18:30:00,2025-07-31 18:32:00,2.0
2025-07-31 18:35:00,2025-07-31 18:36:00,1.0
2025-08-01 13:33:00,2025-08-01 16:42:00,189.0
2025-08-01 16:44:00,2025-08-01 16:45:00,1.0
2025-08-02 12:32:00,2025-08-02 17:16:00,284.0
2025-08-02 17:18:00,2025-08-02 17:19:00,1.0
2025-08-03 14:03:00,2025-08-03 14:04:00,1.0
2025-08-03 14:07:00,2025-08-03 14:09:00,2.0
2025-08-03 14:17:00,2025-08-03 14:18:00,1.0
2025-08-03 14:43:00,2025-08-03 16:20:00,97.0
2025-08-03 16:22:00,2025-08-03 16:28:00,6.0
2025-08-06 13:10:00,2025-08-06 13:12:00,2.0
2025-08-06 13:14:00,2025-08-06 13:16:00,2.0
2025-08-06 13:19:00,2025-08-06 13:20:00,1.0
2025-08-06 13:24:00,2025-08-06 13:24:00,0.0
2025-08-06 13:28:00,2025-08-06 18:30:00,302.0
2025-08-06 18:33:00,2025-08-06 18:34:00,1.0
2025-08-07 14:23:00,2025-08-07 14:23:00,0.0
2025-08-08 12:41:00,2025-08-08 12:42:00,1.0
2025-08-08 12:45:00,2025-08-08 12:46:00,1.0
2025-08-08 12:50:00,2025-08-08 12:50:00,0.0
2025-08-08 12:53:00,2025-08-08 12:55:00,2.0
2025-08-08 12:58:00,2025-08-08 13:00:00,2.0
2025-08-08 13:02:00,2025-08-08 13:04:00,2.0
2025-08-08 13:06:00,2025-08-08 13:13:00,7.0
2025-08-08 13:15:00,2025-08-08 14:02:00,47.0
2025-08-08 14:04:00,2025-08-08 14:24:00,20.0
2025-08-08 15:52:00,2025-08-08 15:52:00,0.0
2025-08-08 16:17:00,2025-08-08 16:23:00,6.0
2025-08-08 16:25:00,2025-08-08 16:27:00,2.0
2025-08-08 16:29:00,2025-08-08 16:31:00,2.0
2025-08-08 16:34:00,2025-08-08 16:35:00,1.0
2025-08-08 16:39:00,2025-08-08 16:39:00,0.0
2025-08-08 16:43:00,2025-08-08 16:44:00,1.0
2025-08-08 16:47:00,2025-08-08 16:48:00,1.0
2025-08-08 16:51:00,2025-08-08 17:01:00,10.0
2025-08-08 17:04:00,2025-08-08 17:05:00,1.0
2025-08-08 17:17:00,2025-08-08 17:18:00,1.0
2025-08-08 17:22:00,2025-08-08 17:22:00,0.0
2025-08-09 15:12:00,2025-08-09 15:12:00,0.0
2025-08-09 15:16:00,2025-08-09 15:17:00,1.0
2025-08-09 15:21:00,2025-08-09 15:54:00,33.0
2025-08-09 15:56:00,2025-08-09 15:57:00,1.0
2025-08-09 16:01:00,2025-08-09 16:01:00,0.0
2025-08-09 16:26:00,2025-08-09 16:26:00,0.0
2025-08-09 16:30:00,2025-08-09 16:30:00,0.0
2025-08-13 13:19:00,2025-08-13 13:38:00,19.0
2025-08-13 13:41:00,2025-08-13 13:41:00,0.0
2025-08-13 13:50:00,2025-08-13 17:50:00,240.0
2025-08-13 17:52:00,2025-08-13 17:54:00,2.0
2025-08-13 17:57:00,2025-08-13 17:57:00,0.0
2025-08-14 13:29:00,2025-08-14 13:30:00,1.0
2025-08-14 13:33:00,2025-08-14 18:17:00,284.0
2025-08-14 18:21:00,2025-08-14 18:21:00,0.0
2025-08-15 13:56:00,2025-08-15 13:56:00,0.0
2025-08-15 14:01:00,2025-08-15 14:03:00,2.0
2025-08-15 14:05:00,2025-08-15 18:14:00,249.0
2025-08-16 13:14:00,2025-08-16 13:15:00,1.0
2025-08-16 13:18:00,2025-08-16 19:24:00,366.0
2025-08-17 13:50:00,2025-08-17 13:51:00,1.0
2025-08-17 14:20:00,2025-08-17 14:20:00,0.0
2025-08-17 14:50:00,2025-08-17 14:50:00,0.0
2025-08-17 14:53:00,2025-08-17 14:55:00,2.0
2025-08-17 14:57:00,2025-08-17 14:59:00,2.0
2025-08-17 15:02:00,2025-08-17 15:03:00,1.0
2025-08-17 15:11:00,2025-08-17 15:11:00,0.0
2025-08-17 15:16:00,2025-08-17 15:17:00,1.0
2025-08-17 15:20:00,2025-08-17 15:22:00,2.0
2025-08-17 15:24:00,2025-08-17 15:26:00,2.0
2025-08-17 15:28:00,2025-08-17 15:30:00,2.0
2025-08-17 15:33:00,2025-08-17 15:34:00,1.0
2025-08-17 15:37:00,2025-08-17 15:38:00,1.0
2025-08-17 15:42:00,2025-08-17 15:42:00,0.0
2025-08-17 15:46:00,2025-08-17 15:46:00,0.0
2025-08-17 15:50:00,2025-08-17 15:51:00,1.0
2025-08-17 15:54:00,2025-08-17 15:55:00,1.0
2025-08-17 15:58:00,2025-08-17 15:59:00,1.0
2025-08-17 16:02:00,2025-08-17 16:04:00,2.0
2025-08-17 16:06:00,2025-08-17 16:13:00,7.0
2025-08-17 16:16:00,2025-08-17 16:16:00,0.0
2025-08-17 16:25:00,2025-08-17 16:25:00,0.0
2025-08-17 16:29:00,2025-08-17 16:29:00,0.0
2025-08-17 16:37:00,2025-08-17 16:38:00,1.0
2025-08-17 16:41:00,2025-08-17 16:42:00,1.0
2025-08-17 16:46:00,2025-08-17 16:46:00,0.0
2025-08-17 16:50:00,2025-08-17 16:51:00,1.0
2025-08-17 16:54:00,2025-08-17 16:55:00,1.0
2025-08-17 16:59:00,2025-08-17 16:59:00,0.0
2025-08-17 17:28:00,2025-08-17 17:29:00,1.0
2025-08-17 17:33:00,2025-08-17 17:33:00,0.0
2025-08-18 13:04:00,2025-08-18 13:15:00,11.0
2025-08-18 13:18:00,2025-08-18 13:18:00,0.0
2025-08-18 13:23:00,2025-08-18 13:23:00,0.0
2025-08-18 13:27:00,2025-08-18 13:49:00,22.0
2025-08-18 14:09:00,2025-08-18 14:10:00,1.0
2025-08-18 14:13:00,2025-08-18 14:15:00,2.0
2025-08-18 14:17:00,2025-08-18 14:19:00,2.0
2025-08-18 14:22:00,2025-08-18 14:23:00,1.0
2025-08-18 14:39:00,2025-08-18 14:39:00,0.0
2025-08-18 14:42:00,2025-08-18 16:41:00,119.0
2025-08-18 16:43:00,2025-08-18 16:46:00,3.0
2025-08-18 16:48:00,2025-08-18 16:50:00,2.0
2025-08-18 16:52:00,2025-08-18 16:54:00,2.0
2025-08-18 16:57:00,2025-08-18 16:58:00,1.0
2025-08-20 12:54:00,2025-08-20 12:54:00,0.0
2025-08-20 13:03:00,2025-08-20 13:03:00,0.0
2025-08-20 13:20:00,2025-08-20 13:20:00,0.0
2025-08-23 14:10:00,2025-08-23 14:18:00,8.0
2025-08-23 14:20:00,2025-08-23 14:22:00,2.0
2025-08-23 14:24:00,2025-08-23 17:17:00,173.0
2025-08-23 17:21:00,2025-08-23 17:21:00,0.0
2025-08-24 14:47:00,2025-08-24 14:49:00,2.0
2025-08-24 14:53:00,2025-08-24 14:54:00,1.0
2025-08-24 14:59:00,2025-08-24 15:00:00,1.0
2025-08-24 15:04:00,2025-08-24 17:51:00,167.0
2025-08-25 13:33:00,2025-08-25 13:49:00,16.0
2025-08-25 13:57:00,2025-08-25 13:59:00,2.0
2025-08-25 14:01:00,2025-08-25 17:20:00,199.0
2025-08-25 17:23:00,2025-08-25 17:24:00,1.0
2025-08-26 13:19:00,2025-08-26 13:19:00,0.0
2025-08-26 13:47:00,2025-08-26 13:48:00,1.0
2025-08-26 13:51:00,2025-08-26 13:54:00,3.0
2025-08-26 13:56:00,2025-08-26 13:59:00,3.0
2025-08-26 14:01:00,2025-08-26 16:18:00,137.0
2025-08-27 14:44:00,2025-08-27 14:44:00,0.0
2025-08-27 14:48:00,2025-08-27 14:48:00,0.0
2025-08-27 15:05:00,2025-08-27 15:07:00,2.0
2025-08-27 15:09:00,2025-08-27 15:10:00,1.0
2025-08-27 15:39:00,2025-08-27 15:39:00,0.0
2025-08-27 15:45:00,2025-08-27 16:04:00,19.0
2025-08-27 16:06:00,2025-08-27 16:07:00,1.0
2025-08-28 13:29:00,2025-08-28 13:44:00,15.0
2025-08-28 13:47:00,2025-08-28 13:48:00,1.0
2025-08-28 14:00:00,2025-08-28 14:01:00,1.0
2025-08-28 14:03:00,2025-08-28 14:04:00,1.0
2025-08-28 14:07:00,2025-08-28 14:21:00,14.0
2025-08-28 14:23:00,2025-08-28 14:25:00,2.0
2025-08-28 14:28:00,2025-08-28 14:34:00,6.0
2025-08-28 14:36:00,2025-08-28 14:42:00,6.0
2025-08-28 14:44:00,2025-08-28 14:46:00,2.0
2025-08-28 14:48:00,2025-08-28 14:50:00,2.0
2025-08-28 14:52:00,2025-08-28 16:32:00,100.0
2025-08-28 16:34:00,2025-08-28 16:35:00,1.0
2025-08-31 15:34:00,2025-08-31 15:34:00,0.0
2025-08-31 15:38:00,2025-08-31 15:38:00,0.0
2025-08-31 15:42:00,2025-08-31 15:43:00,1.0
2025-08-31 15:46:00,2025-08-31 15:47:00,1.0
2025-08-31 15:59:00,2025-08-31 16:00:00,1.0
2025-09-01 14:36:00,2025-09-01 14:36:00,0.0
2025-09-01 14:41:00,2025-09-01 14:41:00,0.0
2025-09-01 14:59:00,2025-09-01 14:59:00,0.0
2025-09-01 15:03:00,2025-09-01 15:04:00,1.0
2025-09-01 15:07:00,2025-09-01 15:10:00,3.0
2025-09-01 15:12:00,2025-09-01 15:14:00,2.0
2025-09-01 15:16:00,2025-09-01 15:17:00,1.0
2025-09-01 15:20:00,2025-09-01 15:22:00,2.0
2025-09-01 15:24:00,2025-09-01 15:26:00,2.0
2025-09-01 15:29:00,2025-09-01 15:30:00,1.0
2025-09-01 15:34:00,2025-09-01 15:34:00,0.0
2025-09-01 15:38:00,2025-09-01 15:39:00,1.0
2025-09-01 15:42:00,2025-09-01 15:43:00,1.0
2025-09-04 14:46:00,2025-09-04 14:47:00,1.0
2025-09-04 15:34:00,2025-09-04 15:34:00,0.0
2025-09-04 15:38:00,2025-09-04 15:38:00,0.0
2025-09-04 15:54:00,2025-09-04 15:54:00,0.0
2025-09-04 15:58:00,2025-09-04 15:58:00,0.0
2025-09-04 16:02:00,2025-09-04 16:03:00,1.0
2025-09-04 16:06:00,2025-09-04 16:08:00,2.0
2025-09-04 16:11:00,2025-09-04 16:11:00,0.0
2025-09-05 17:18:00,2025-09-05 17:27:00,9.0
2025-09-05 17:29:00,2025-09-05 17:30:00,1.0
2025-09-07 13:27:00,2025-09-07 16:01:00,154.0
2025-09-07 16:04:00,2025-09-07 16:05:00,1.0
2025-09-07 16:08:00,2025-09-07 16:10:00,2.0
2025-09-07 16:12:00,2025-09-07 16:14:00,2.0
2025-09-07 16:17:00,2025-09-07 16:18:00,1.0
2025-09-08 12:37:00,2025-09-08 12:37:00,0.0
2025-09-08 12:49:00,2025-09-08 13:11:00,22.0
2025-09-08 13:13:00,2025-09-08 13:15:00,2.0
2025-09-08 13:18:00,2025-09-08 13:19:00,1.0
2025-09-08 13:22:00,2025-09-08 13:23:00,1.0
2025-09-08 13:26:00,2025-09-08 13:28:00,2.0
2025-09-08 13:30:00,2025-09-08 13:32:00,2.0
2025-09-08 13:34:00,2025-09-08 13:35:00,1.0
2025-09-08 13:38:00,2025-09-08 13:39:00,1.0
2025-09-08 13:43:00,2025-09-08 13:43:00,0.0
2025-09-08 13:48:00,2025-09-08 13:48:00,0.0
2025-09-08 13:52:00,2025-09-08 13:53:00,1.0
2025-09-08 13:56:00,2025-09-08 13:57:00,1.0
2025-09-08 14:00:00,2025-09-08 14:00:00,0.0
2025-09-08 14:08:00,2025-09-08 14:08:00,0.0
2025-09-08 14:15:00,2025-09-08 14:16:00,1.0
2025-09-08 14:19:00,2025-09-08 14:21:00,2.0
2025-09-08 14:23:00,2025-09-08 14:25:00,2.0
2025-09-08 14:27:00,2025-09-08 14:30:00,3.0
2025-09-08 14:32:00,2025-09-08 14:34:00,2.0
2025-09-08 14:37:00,2025-09-08 14:38:00,1.0
2025-09-08 14:41:00,2025-09-08 14:44:00,3.0
2025-09-08 14:46:00,2025-09-08 15:29:00,43.0
2025-09-08 15:32:00,2025-09-08 15:33:00,1.0
2025-09-08 15:36:00,2025-09-08 15:37:00,1.0
2025-09-08 15:41:00,2025-09-08 15:41:00,0.0
2025-09-08 15:53:00,2025-09-08 16:04:00,11.0
2025-09-08 16:07:00,2025-09-08 16:08:00,1.0
2025-09-08 16:41:00,2025-09-08 16:41:00,0.0
2025-09-09 13:52:00,2025-09-09 13:53:00,1.0
2025-09-09 13:57:00,2025-09-09 13:57:00,0.0
2025-09-09 14:00:00,2025-09-09 14:02:00,2.0
2025-09-09 14:04:00,2025-09-09 14:06:00,2.0
2025-09-09 14:08:00,2025-09-09 14:09:00,1.0
2025-09-09 14:58:00,2025-09-09 14:58:00,0.0
2025-09-09 15:01:00,2025-09-09 15:03:00,2.0
2025-09-09 15:07:00,2025-09-09 15:07:00,0.0
2025-09-11 16:02:00,2025-09-11 16:23:00,21.0
2025-09-18 13:56:00,2025-09-18 13:57:00,1.0
2025-09-18 13:59:00,2025-09-18 14:00:00,1.0
2025-09-18 14:35:00,2025-09-18 14:35:00,0.0
2025-09-18 16:02:00,2025-09-18 16:02:00,0.0
2025-09-18 16:06:00,2025-09-18 16:06:00,0.0
2025-09-18 16:10:00,2025-09-18 16:10:00,0.0
2025-09-19 13:04:00,2025-09-19 14:03:00,59.0
2025-09-19 14:05:00,2025-09-19 15:04:00,59.0
2025-09-19 15:07:00,2025-09-19 15:08:00,1.0
2025-09-19 17:18:00,2025-09-19 17:19:00,1.0
2025-09-19 17:23:00,2025-09-19 17:23:00,0.0
2025-09-21 14:43:00,2025-09-21 14:43:00,0.0
2025-09-27 16:49:00,2025-09-27 16:50:00,1.0
2025-10-26 09:14:00,2025-10-26 09:16:00,2.0
2025-11-30 13:31:00,2025-11-30 13:33:00,2.0
2025-12-10 09:15:00,2025-12-10 09:15:00,0.0
2025-12-11 09:52:00,2025-12-11 09:54:00,2.0
2025-12-26 12:36:00,2025-12-26 12:37:00,1.0
2025-12-30 15:39:00,2025-12-30 15:42:00,3.0
2026-01-02 10:06:00,2026-01-02 10:10:00,4.0
2026-01-02 11:43:00,2026-01-02 11:46:00,3.0
2026-01-03 10:58:00,2026-01-03 11:00:00,2.0
2026-01-04 11:06:00,2026-01-04 11:07:00,1.0
2026-01-06 11:01:00,2026-01-06 11:02:00,1.0
2026-01-09 13:09:00,2026-01-09 13:09:00,0.0
